season,playerId,player,position,team,conference,position_type,passing_yards,passing_tds,pass_attempts,completions,completion_pct,interceptions,yards_per_attempt,rushing_yards,rushing_tds,carries,yards_per_carry,receiving_yards,receiving_tds,receptions,yards_per_reception,longest_reception,headshot_url,team_logo_url
2025,5219834,Drew Mestemaker,QB,North Texas,American Athletic,Quarterback,4119,31,418,292,0.699,7,9.9,0,0,0,0.0,0,0,0,0.0,0,,
2025,4715345,Devin Farrell,QB,Rhode Island,CAA,Quarterback,3746,24,410,267,0.651,8,9.1,0,0,0,0.0,0,0,0,0.0,0,,
2025,4432759,Sawyer Robertson,QB,Baylor,Big 12,Quarterback,3681,31,503,304,0.604,12,7.3,0,0,0,0.0,0,0,0,0.0,0,,
2025,4869991,Caden Veltkamp,QB,Florida Atlantic,American Athletic,Quarterback,3652,24,514,345,0.671,17,7.1,0,0,0,0.0,0,0,0,0.0,0,,
2025,5121169,Darian Mensah,QB,Duke,ACC,Quarterback,3646,30,449,305,0.679,5,8.1,0,0,0,0.0,0,0,0,0.0,0,,
2025,5212654,Braden Atkinson,QB,Mercer,Southern,Quarterback,3611,34,407,268,0.658,11,8.9,0,0,0,0.0,0,0,0,0.0,0,,
2025,5153708,Keali'i Ah Yat,QB,Montana,Big Sky,Quarterback,3514,29,398,277,0.696,8,8.8,0,0,0,0.0,0,0,0,0.0,0,,
2025,4881032,Taron Dickens,QB,Western Carolina,Southern,Quarterback,3508,38,365,271,0.742,2,9.6,0,0,0,0.0,0,0,0,0.0,0,,
2025,5153846,Nick Minicucci,QB,Delaware,Conference USA,Quarterback,3495,22,484,303,0.626,7,7.2,0,0,0,0.0,0,0,0,0.0,0,,
2025,4685401,Josh Hoover,QB,TCU,Big 12,Quarterback,3472,29,413,272,0.659,13,8.4,0,0,0,0.0,0,0,0,0.0,0,,
2025,5151948,Joey Aguilar,QB,Tennessee,SEC,Quarterback,3444,24,386,258,0.668,10,8.9,0,0,0,0.0,0,0,0,0.0,0,,
2025,4429582,Joe Fagnano,QB,UConn,FBS Independents,Quarterback,3441,28,412,284,0.689,1,8.4,0,0,0,0.0,0,0,0,0.0,0,,
2025,4685454,Jayden Maiava,QB,USC,Big Ten,Quarterback,3431,23,373,247,0.662,8,9.2,0,0,0,0.0,0,0,0,0.0,0,,
2025,5084084,Kevin Jennings,QB,SMU,ACC,Quarterback,3363,26,422,279,0.661,10,8.0,0,0,0,0.0,0,0,0,0.0,0,,
2025,5079712,Julian Sayin,QB,Ohio State,Big Ten,Quarterback,3323,31,356,279,0.784,6,9.3,0,0,0,0.0,0,0,0,0.0,0,,
2025,4795295,Katin Houser,QB,East Carolina,American Athletic,Quarterback,3300,19,408,269,0.659,6,8.1,0,0,0,0.0,0,0,0,0.0,0,,
2025,5044387,Anthony Colandrea,QB,UNLV,Mountain West,Quarterback,3275,23,387,256,0.661,8,8.5,0,0,0,0.0,0,0,0,0.0,0,,
2025,4685522,Ty Simpson,QB,Alabama,SEC,Quarterback,3268,26,428,275,0.643,5,7.6,0,0,0,0.0,0,0,0,0.0,0,,
2025,5109518,Beau Brungard,QB,Youngstown State,MVFC,Quarterback,3230,26,403,277,0.687,3,8.0,0,0,0,0.0,0,0,0,0.0,0,,
2025,4696880,Walker Harris,QB,North Carolina Central,MEAC,Quarterback,3215,24,375,234,0.624,9,8.6,0,0,0,0.0,0,0,0,0.0,0,,
2025,5084180,Diego Pavia,QB,Vanderbilt,SEC,Quarterback,3192,27,340,242,0.712,8,9.4,0,0,0,0.0,0,0,0,0.0,0,,
2025,4880272,Byrum Brown,QB,South Florida,American Athletic,Quarterback,3158,28,341,226,0.663,7,9.3,0,0,0,0.0,0,0,0,0.0,0,,
2025,4683471,Brady Olson,QB,Central Connecticut,NEC,Quarterback,3132,25,458,271,0.592,7,6.8,0,0,0,0.0,0,0,0,0.0,0,,
2025,4432722,Athan Kaliakmanis,QB,Rutgers,Big Ten,Quarterback,3124,20,368,229,0.622,7,8.5,0,0,0,0.0,0,0,0,0.0,0,,
2025,5164313,Jaron-Keawe Sagapolutele,QB,California,ACC,Quarterback,3109,17,452,287,0.635,9,6.9,0,0,0,0.0,0,0,0,0.0,0,,
2025,5080403,Jaylen Raynor,QB,Arkansas State,Sun Belt,Quarterback,3076,16,469,315,0.672,11,6.6,0,0,0,0.0,0,0,0,0.0,0,,
2025,4430841,Carson Beck,QB,Miami,ACC,Quarterback,3072,25,353,263,0.745,10,8.7,0,0,0,0.0,0,0,0,0.0,0,,
2025,4694149,Walker Eget,QB,San José State,Mountain West,Quarterback,3058,17,393,232,0.59,9,7.8,0,0,0,0.0,0,0,0,0.0,0,,
2025,5148803,Brad Jackson,QB,Texas State,Sun Belt,Quarterback,3049,18,328,234,0.713,7,9.3,0,0,0,0.0,0,0,0,0.0,0,,
2025,4911529,Trinidad Chambliss,QB,Ole Miss,SEC,Quarterback,3016,18,333,218,0.655,3,9.1,0,0,0,0.0,0,0,0,0.0,0,,
2025,4837248,Fernando Mendoza,QB,Indiana,Big Ten,Quarterback,2980,33,316,226,0.715,6,9.4,0,0,0,0.0,0,0,0,0.0,0,,
2025,5224084,Trey Hedden,QB,Furman,Southern,Quarterback,2967,17,419,287,0.685,13,7.1,0,0,0,0.0,0,0,0,0.0,0,,
2025,5141695,Malik Washington,QB,Maryland,Big Ten,Quarterback,2963,17,473,273,0.577,9,6.3,0,0,0,0.0,0,0,0,0.0,0,,
2025,4801717,Noah Fifita,QB,Arizona,Big 12,Quarterback,2963,26,386,247,0.64,5,7.7,0,0,0,0.0,0,0,0,0.0,0,,
2025,4870906,Arch Manning,QB,Texas,SEC,Quarterback,2942,24,370,227,0.614,7,8.0,0,0,0,0.0,0,0,0,0.0,0,,
2025,4870971,Marcel Reed,QB,Texas A&M,SEC,Quarterback,2932,25,338,209,0.618,10,8.7,0,0,0,0.0,0,0,0,0.0,0,,
2025,4691272,Stone Earle,QB,Abilene Christian,UAC,Quarterback,2931,18,398,265,0.666,10,7.4,0,0,0,0.0,0,0,0,0.0,0,,
2025,4569535,Jacob Clark,QB,Missouri State,Conference USA,Quarterback,2895,24,341,222,0.651,11,8.5,0,0,0,0.0,0,0,0,0.0,0,,
2025,5079301,CJ Bailey,QB,NC State,ACC,Quarterback,2884,23,372,259,0.696,9,7.8,0,0,0,0.0,0,0,0,0.0,0,,
2025,5150611,Jake Retzlaff,QB,Tulane,American Athletic,Quarterback,2862,14,356,222,0.624,6,8.0,0,0,0,0.0,0,0,0,0.0,0,,
2025,5079653,Demond Williams Jr.,QB,Washington,Big Ten,Quarterback,2850,21,330,231,0.7,8,8.6,0,0,0,0.0,0,0,0,0.0,0,,
2025,4697094,DJ Williams,QB,Southern Illinois,MVFC,Quarterback,2846,22,352,221,0.628,5,8.1,0,0,0,0.0,0,0,0,0.0,0,,
2025,5101124,Micah Alejado,QB,Hawai'i,Mountain West,Quarterback,2832,21,384,253,0.659,9,7.4,0,0,0,0.0,0,0,0,0.0,0,,
2025,5083569,Jaden Craig,QB,Harvard,Ivy,Quarterback,2829,25,331,204,0.616,7,8.5,0,0,0,0.0,0,0,0,0.0,0,,
2025,4690158,Noah Kim,QB,Eastern Michigan,Mid-American,Quarterback,2817,18,402,247,0.614,11,7.0,0,0,0,0.0,0,0,0,0.0,0,,
2025,4597679,Luke Altmyer,QB,Illinois,Big Ten,Quarterback,2811,21,332,226,0.681,5,8.5,0,0,0,0.0,0,0,0,0.0,0,,
2025,5226019,Caden Pinnick,QB,UC Davis,Big Sky,Quarterback,2804,29,304,211,0.694,9,9.2,0,0,0,0.0,0,0,0,0.0,0,,
2025,4692530,Chandler Morris,QB,Virginia,ACC,Quarterback,2802,16,398,257,0.646,9,7.0,0,0,0,0.0,0,0,0,0.0,0,,
2025,4600403,Braylon Braxton,QB,Southern Miss,Sun Belt,Quarterback,2795,23,353,230,0.652,7,7.9,0,0,0,0.0,0,0,0,0.0,0,,
2025,4899046,Brendan Sorsby,QB,Cincinnati,Big 12,Quarterback,2786,26,335,206,0.615,5,8.3,0,0,0,0.0,0,0,0,0.0,0,,
