Team,Conference,Overall Rank,Overall Score,Offensive Efficiency Rank,Defensive Efficiency Rank,EPA Performance Rank,Explosiveness Rank,Line of Scrimmage Battle Rank,Passing Efficiency Rank,Rushing Efficiency Rank,Third Down Efficiency Rank,Havoc Rate Rank,Field Position Rank,Finishing Drives Rank,Turnover Margin Rank,Offensive Efficiency,Defensive Efficiency,EPA Performance,Explosiveness,Line of Scrimmage Battle,Passing Efficiency,Rushing Efficiency,Third Down Efficiency,Havoc Rate,Field Position,Finishing Drives,Turnover Margin
Ohio State,Big Ten,1,73.05737566889407,1,7,1,1,99,1,26,6,2,11,12,12,98.97435897435898,71.7360261117911,90.87719298245615,97.33333333333333,31.108132756559584,66.55828789195928,63.42270142274224,75.27472527472527,81.20740019474198,64.04040404040407,69.60227272727275,66.55367231638417
Texas,SEC,2,69.51101880893249,2,22,2,5,85,5,18,16,4,13,8,10,98.7012987012987,62.515299877600974,80.54682159945318,81.12099961039684,33.83518094017412,65.32391618598515,64.98771242857624,67.58241758241758,77.23953261927946,62.62626262626263,70.57557072971872,69.07721280602635
Indiana,Big Ten,3,67.49360032338551,3,24,3,2,95,11,11,14,16,16,69,14,97.02630702630702,61.20971032231742,80.11847801321485,84.50990705181721,32.22646380991115,64.19045776550847,67.22912643012074,68.37128388852526,70.31645569620255,61.11111111111115,57.49337545862212,66.12052730696797
Oregon,Big Ten,4,66.9983038951995,4,50,5,16,84,3,5,7,3,16,54,4,92.76307026307026,51.733986128111,70.2198678514468,72.41581788835086,34.04209442000141,66.27893930125167,69.54347114650376,71.98146680905302,79.82960077896787,61.11111111111115,59.61577660008156,74.44444444444443
Ole Miss,SEC,5,63.90748827496438,8,60,10,17,76,12,15,9,31,7,26,6,79.2948717948718,48.24561403508774,63.59649122807018,72.28326932709967,37.274579641200724,64.01266189298644,66.66414758315342,70.03169244548555,62.72151898734179,67.57575757575763,64.92560130452507,70.26365348399244
Notre Dame,Ind,6,63.88608726227994,7,1,4,6,114,57,83,61,1,27,59,9,80.08991008991009,86.12811097511221,75.64365459102302,80.15308621361385,26.22460695990109,47.233570839047516,49.820619759699284,51.81370353784145,83.29113924050634,57.77777777777784,59.00300652262539,69.4538606403013
Boise State,MW,7,62.9973105439772,6,55,13,9,50,16,6,24,7,9,50,77,82.76473526473526,49.816401468788285,60.516062884483944,76.56102855234596,46.17005172066733,58.82240008507756,69.20336461716721,62.96462158531123,75.21421616358325,67.0707070707071,60.856604158173695,46.007532956685495
Illinois,Big Ten,8,61.85559068041968,24,28,18,23,47,24,31,35,13,18,10,8,61.71828171828173,60.077519379844986,55.4978354978355,69.18163855958144,46.666692342136955,54.94697849667423,62.88342686677281,58.81704502394156,72.54138266796494,59.89898989898994,70.33861598043212,69.69868173258001
Georgia,SEC,9,61.47427467147363,5,21,9,3,82,21,52,50,12,102,58,7,83.22594072594073,62.627498980008156,64.49191159717475,82.38759948795013,34.85051741207694,55.82948698060259,56.18408765507466,54.7159736814909,72.62414800389487,41.717171717171766,59.093456991439076,69.94350282485874
Tennessee,SEC,10,61.12906655372418,10,17,11,10,90,35,60,52,6,31,38,21,77.26190476190477,65.86087311301509,63.170426065162914,74.45505649245838,33.06018227529857,53.34543227038155,54.43439017159138,54.490337248957914,75.49659201557935,57.3737373737374,62.54713615980435,62.05273069679848
Penn State,Big Ten,11,60.293136634721186,11,9,8,8,108,42,70,49,10,60,57,13,73.33083583083584,70.9812321501428,65.78377762588289,76.6626036622697,28.35717043993379,51.55305685224548,52.7731517650056,54.72630817458402,73.3300876338851,50.20202020202027,59.32022013860578,66.49717514124292
Clemson,ACC,12,60.292805359637214,12,59,22,36,75,18,16,29,15,24,14,15,73.22927072927074,48.52101183190537,51.75096832991571,62.42644848889631,37.96159873964254,58.04197136347237,66.40418754429763,61.55224086258568,70.74001947419671,58.787878787878846,68.46718304117411,65.63088512241052
Alabama,SEC,13,60.08181991463693,13,67,26,4,26,13,100,40,50,1,4,47,71.31285381285382,46.41982864137086,49.25153793574846,81.36803584349084,52.83819729442164,62.41223504915189,45.0837309684868,57.788762961176744,58.670886075949376,71.71717171717174,72.74383408071749,51.37476459510358
Miami,ACC,14,59.82895975245989,9,14,6,7,124,40,65,65,27,26,37,19,78.85031635031635,67.60505915952672,67.84575074048757,79.15748316357767,19.097430193531427,52.48309049526088,53.18793558181047,50.56495228909019,64.016553067186,58.1818181818182,62.6821748878924,64.27495291902069
Arizona State,Big 12,15,57.99829339534616,14,25,17,12,93,28,62,12,20,40,43,83,69.58791208791209,60.6079151366789,56.07769423558897,73.85899148438804,32.99463279969437,54.574473494351786,54.16093134509465,68.54352544007716,67.92599805258035,52.52525252525252,61.33688340807177,43.78531073446327
SMU,ACC,16,57.803339066167865,15,16,12,15,109,37,50,51,18,82,64,27,68.5031635031635,66.91146470828232,60.91364775575302,72.64554460956195,28.28138158678516,53.27095750016641,56.46089947357245,54.57129077818731,68.99707887049658,45.35353535353539,57.95709335507544,59.774011299435
Louisiana,Sun Belt,17,57.6752490019654,20,49,24,31,73,30,10,53,29,14,52,23,63.48734598734599,51.89718482252144,50.46821599453178,65.02652084376912,38.26405064435162,54.350166961728824,67.45973276409019,54.41627338179062,63.73417721518989,61.515151515151544,60.41072156543008,61.073446327683605
Iowa State,Big 12,18,57.54728542233585,17,33,20,28,89,32,61,34,5,12,96,31,65.24725274725276,57.71113831089354,53.19548872180451,66.39948238437134,33.377310278815074,53.81859163299324,54.198806750812736,58.88766406007784,75.6377799415774,63.73737373737376,51.12489808397882,57.2316384180791
Tulane,AAC,19,57.368699733452296,18,5,14,18,112,54,93,68,19,19,53,29,63.991008991009,73.60261117911057,59.2777398040556,71.08760505370957,27.44158830513141,47.38250893423307,47.65527275092234,50.025836232732765,68.91431353456669,59.79797979797986,60.396708112515284,58.85122410546138
James Madison,Sun Belt,20,56.543507170579375,19,3,16,13,98,78,92,77,11,20,35,85,63.62387612387613,77.22358221134232,56.15971747550695,73.54193799743976,31.4364501300206,41.60099798030832,48.206759792764196,47.98132901581175,72.82375851996105,59.69696969696974,62.87454137790461,43.35216572504707
Toledo,MAC,21,55.564034923889615,27,74,43,63,35,17,20,28,30,45,44,22,60.591075591075594,40.94247246022034,39.00888585099112,54.20184226637727,49.89649704423988,58.52971046683014,64.73374959046761,61.55913052464777,62.94547224926973,51.71717171717175,61.324143905421934,61.31826741996231
Duke,ACC,22,55.5336894636337,21,51,23,11,86,41,22,25,54,117,81,16,63.2900432900433,51.59118727050186,50.895420369104585,73.94829409472922,33.660639093265644,52.440622445693435,64.42986700538322,62.89572496469048,58.10613437195717,35.45454545454548,54.117407256420734,65.57438794726929
South Carolina,SEC,23,55.34770255052691,23,58,30,35,71,39,54,47,22,53,25,30,61.760739260739264,48.65361077111386,44.542036910457966,62.76693382312015,39.83952317570651,52.61027530804407,55.87953203896092,56.69675152433773,66.68938656280432,51.01010101010104,65.06064003261312,58.66290018832389
Missouri,SEC,24,55.08939851189273,30,42,25,22,101,58,74,62,43,8,18,40,59.187479187479184,54.48796409628723,49.491911597174756,69.27809317081315,30.16863648874594,47.07729071319335,51.75198613223125,51.75514141031381,59.82473222979553,67.27272727272731,66.18171626579698,54.59510357815441
Texas A&M,SEC,25,54.827468865108244,29,13,19,19,120,67,107,82,14,22,71,28,59.29070929070929,68.19665442676458,53.47003873319663,71.05899705014748,22.049606035584166,45.402694743465524,42.76767977016248,47.28030590099553,72.2346640701071,59.39393939393942,57.255146759070556,59.52919020715628
Liberty,C-USA,26,53.55682410553661,26,40,28,38,67,47,68,64,51,57,21,54,61.205461205461205,54.7735618115055,45.67327409432673,60.85860188122669,40.49310254166616,50.335156542053085,52.936938763621356,50.65279548038168,58.61246348588122,50.707070707070756,65.79316143497758,50.64030131826742
Army,Ind,27,52.54076730205342,48,91,74,128,2,8,1,5,113,30,16,97,48.074425574425575,32.39494084047328,26.310093415356576,16.333333333333343,83.03128710105456,64.84513964737089,78.93696121195516,75.6140411312825,40.0,57.676767676767724,67.27221769262128,39.999999999999986
Ohio,MAC,28,52.40074868596398,39,52,41,47,63,50,38,36,34,45,107,26,50.24225774225774,50.72419420644637,39.32444748234222,56.814187120832635,43.17778619933205,49.397071638450946,59.38744675877512,58.66202762754486,61.202531645569636,51.71717171717175,48.12219730941706,60.03766478342748
Western Kentucky,C-USA,29,52.31610097073969,42,61,44,41,60,43,53,55,26,66,46,38,49.6095571095571,48.23541411668708,37.6475279106858,58.341542828518946,43.36948953057027,51.12252126958009,55.93273417023092,53.87543490991766,64.381694255112,48.28282828282829,61.09992865878516,55.894538606402996
Maryland,Big Ten,30,52.30253878605001,36,41,27,33,104,51,55,42,36,44,118,17,52.531635031635034,54.518563851489205,45.71542492595125,64.10190905549061,29.544121755134075,49.335516860871834,55.803200103561274,57.72158875607151,60.97857838364169,51.81818181818184,40.72182022013861,64.83992467043313
Florida,SEC,31,52.17324675513367,25,2,15,29,125,107,106,114,39,10,77,49,61.57092907092907,78.50877192982456,58.84597858282069,66.0010574942951,18.819267283699578,31.15359135643111,42.879080441498886,33.855799373040746,60.55501460564753,66.66666666666667,56.149357929066475,51.07344632768363
BYU,Big 12,32,52.169406494103185,33,105,60,68,36,23,23,30,43,20,63,44,56.55677655677656,26.33618931048553,29.573934837092736,53.29587577224912,49.19580319033123,54.98585123838674,64.12299359548854,61.40928037479761,59.82473222979553,59.69696969696974,58.2284447615165,52.80602636534838
LSU,SEC,33,52.12553913268122,31,43,34,21,92,72,88,86,17,23,103,60,58.14518814518814,53.87596899224806,43.722943722943725,70.94751488840652,33.00643324583133,43.98355325840112,49.07802138809741,45.94715629198386,69.27945472249269,59.09090909090909,49.38977782307381,49.03954802259888
Colorado,Big 12,34,52.01755656142063,16,115,38,97,43,2,8,4,129,29,1,125,68.494005994006,19.798041615667092,40.249487354750514,44.0137752546335,47.803997568019454,66.39962753045916,67.92124473474988,76.3219539081608,24.05550146056476,57.777777777777814,86.94965348552793,24.425612052730695
Jacksonville State,C-USA,35,51.96177764456224,34,32,32,32,58,64,77,83,37,111,39,49,54.693639693639696,57.98653610771113,44.27204374572796,64.64829966048868,44.16366777173892,46.29673797016596,51.52116447632672,46.88759516345721,60.92015579357353,38.88888888888891,62.189156135344504,51.07344632768363
Houston,Big 12,36,51.95660643191548,68,20,39,45,42,110,44,60,23,25,80,36,39.507992007992016,62.8110975112199,39.7550694919116,56.84916791896254,47.8382383751741,30.944717141471695,58.023479698348815,51.92738296186572,66.01752677702045,58.686868686868735,54.79005299633105,56.3276836158192
Colorado State,MW,37,51.86827808565999,36,63,37,34,96,25,67,45,60,61,95,20,52.531635031635034,47.072623419012665,41.154021417179315,62.81811098124337,31.870067742160778,54.861427356356366,53.04114843565827,56.85693616728099,57.37585199610517,50.10101010101015,51.87398083978803,62.86252354048962
Kansas State,Big 12,38,51.4802407148795,55,104,79,104,8,26,32,32,72,109,7,5,46.47352647352647,26.356589147286837,24.58874458874459,41.98911894027941,64.55940893013396,54.783700448000644,62.32531675955941,60.8632746563781,54.86854917234665,39.69696969696972,70.86220953933957,70.39548022598869
FAU,AAC,39,51.44780624233193,95,36,49,76,52,85,89,113,25,3,33,1,26.76656676656677,56.293349653202796,35.31556163135111,51.692408304113115,45.51706802561797,38.7471035087668,48.82446601788596,34.51203968445347,64.94644595910418,70.00000000000004,63.19557684467998,81.56308851224105
Baylor,Big 12,40,51.40665926661091,35,125,64,96,5,10,2,8,118,4,22,123,52.985347985347985,13.565891472868223,28.095238095238095,44.44398063115714,68.04231728308338,64.3435219652258,74.71325936274428,71.69382341796133,37.19571567672833,68.28282828282832,65.7778740317978,27.74011299435029
Cincinnati,Big 12,41,51.276482449910795,67,18,31,24,87,101,73,78,55,6,65,73,39.61871461871463,65.01427988576091,44.27660059239007,68.64162074915122,33.537124675975576,33.230753169901234,52.37669962144773,47.924489303799646,57.999026290165524,67.7777777777778,57.91505299633102,47.00564971751413
Texas Tech,Big 12,42,51.0237940753968,43,100,45,84,28,15,17,11,123,42,3,99,48.87362637362639,27.570379436964515,37.255639097744364,49.18405966494129,51.71770950156724,59.363836711706895,65.51571393248312,69.50118846670568,33.709834469328136,52.22222222222229,77.57847533632287,39.79284369114877
Memphis,AAC,43,50.94690567485197,28,39,33,20,100,70,75,79,75,41,82,75,59.70945720945721,55.191758465932274,44.19115971747551,70.97612289196859,30.294595210805888,44.85971075727668,51.5361556515397,47.435323297392245,54.70301850048687,52.32323232323233,53.758153281695904,46.38418079096046
USC,Big Ten,44,50.83252426399371,32,83,42,56,59,27,29,38,66,56,86,89,57.31684981684981,36.70950632394943,39.08521303258145,55.26142372126677,43.50065523800134,54.655886709639255,63.01479428960407,58.11774432464087,55.856864654333016,50.808080808080845,53.53521198532408,42.12806026365349
UNLV,MW,45,50.75250923301703,22,106,55,86,38,20,12,26,102,98,24,62,63.188478188478186,26.183190534475745,31.248575985418093,48.960176991150455,48.84037252026309,56.36752080464048,67.03896523800742,62.73726273726274,48.22784810126583,42.22222222222225,65.10777619241745,48.90772128060263
Wisconsin,Big Ten,46,49.6586236871757,41,95,54,65,32,36,40,37,37,83,73,70,49.64285714285715,29.416564667482678,31.290726817042607,54.08281850058442,50.45205259979542,53.274997296295474,59.32183230617131,58.27276172103758,60.92015579357353,45.050505050505066,56.92774154097026,47.250470809792844
Buffalo,MAC,47,49.551279544115594,46,107,68,82,39,53,4,27,56,53,75,59,48.20762570762572,25.33659730722156,27.549555707450445,49.67651806088942,48.508085719098034,48.95152477302579,69.75919715059403,61.80543594336697,57.964946445959114,51.01010101010104,56.59906237260496,49.246704331450076
Washington State,Pac-12,48,49.47695835986351,50,96,62,111,17,31,14,31,96,71,30,52,47.72977022977023,28.998368013055906,28.68193210298473,39.0204819947682,55.52335338074053,54.081473518593185,66.85774372450105,60.944228185607486,49.29892891918209,47.27272727272728,64.29754382388911,51.01694915254235
Syracuse,ACC,49,49.450916930207875,38,27,35,27,116,77,99,80,21,80,100,55,50.369630369630364,60.31211750305997,41.54477101845523,67.16057216007124,25.96777009567709,41.93939371424158,45.399555707948586,47.3595370147094,67.25413826679649,45.858585858585876,50.09427231960866,50.15065913370999
Nebraska,Big Ten,50,49.05171064777621,49,29,40,37,77,63,101,67,35,50,97,94,47.772227772227765,58.72093023255813,39.48051948051949,61.57165915289141,36.47825493071733,46.368230222185595,44.72371244364153,50.03444831031037,61.11976630963974,51.111111111111164,50.46753974724829,40.772128060263654
Kansas,Big 12,51,49.049795325992875,80,113,102,126,12,46,21,33,116,35,2,3,33.40742590742592,21.144430844553245,19.408749145591248,33.02763399565871,59.08449489160844,50.63264396935795,64.51716934580537,59.073684935753874,38.18403115871471,55.35353535353538,79.49067468406034,75.27306967984934
TCU,Big 12,52,49.036156789916674,71,92,67,83,40,49,33,56,98,33,13,42,38.19264069264071,32.07874337005305,27.866256550467078,49.382033728502265,48.44534513994159,49.68169085816143,61.806416358329045,52.47511109580075,49.07497565725414,56.16161616161618,69.22008764777823,54.04896421845572
Sam Houston,C-USA,53,48.832046180659916,52,54,50,43,74,66,72,71,71,37,84,71,47.63569763569764,49.96940024479807,34.49077238550923,57.81017977403015,38.10370219740946,45.719831029161654,52.471030618524594,49.63657032622548,54.92697176241481,54.34343434343438,53.68299021606199,47.193973634651606
Georgia Tech,ACC,54,48.807275660231994,40,123,86,107,6,14,13,3,93,124,106,56,50.03746253746254,15.585475316197483,23.06789701526544,41.23000500918352,67.68641418436219,62.22404576867051,66.99119614441724,77.27272727272727,49.888023369036034,33.33333333333336,48.464889930697126,49.90583804143127
Washington,Big Ten,55,48.72345483336087,51,87,51,61,66,45,41,21,66,91,85,68,47.66899766899768,34.679722562219524,33.748006379585334,54.21300161407026,40.51596398039627,50.66689114356458,59.085627222368494,63.533018705432504,55.856864654333016,43.23232323232327,53.60910110069305,47.87193973634652
South Florida,AAC,56,48.45946327498938,44,76,61,59,48,52,47,58,65,53,90,80,48.379120879120876,39.60628314973482,29.110275689223055,54.34830522624814,46.49629965122442,49.01509578994366,57.10204210040928,52.06862103413826,55.939629990262915,51.01010101010104,52.91989400733798,45.51789077212807
Fresno State,MW,57,48.209355983046855,54,127,82,109,11,7,3,2,121,108,32,110,47.226107226107224,13.137494900040807,24.082934609250398,39.47055713252074,62.03783126491746,64.95342329520828,73.65134083517229,79.85635054600571,34.15774099318402,40.10101010101016,63.999439461883405,35.83804143126177
Nevada,MW,58,48.08027145142406,57,116,81,115,20,19,9,10,122,84,29,25,44.652847152847166,18.064055487556107,24.120528594212804,38.05348694829409,54.94502881814784,56.459686358266474,67.70863864300318,69.57869716490404,33.933787731256075,44.64646464646472,64.40455564614757,60.39548022598869
Air Force,MW,59,48.02430676417226,86,108,125,127,9,62,48,19,42,27,19,18,31.271228771228778,24.724602203182393,10.092276144907725,29.308092614237232,63.79720178454788,46.48768555462268,57.02601881469555,65.17792552275311,59.95618305744888,57.77777777777784,65.92692621280065,64.7457627118644
UAB,AAC,60,47.52800705163039,59,79,72,67,49,74,49,69,57,95,5,101,42.67898767898769,39.024887800897616,26.577808156755527,53.66733455780043,46.3680506772162,43.437640790581966,56.49926569655785,49.95349478108097,57.599805258033115,42.52525252525254,72.34253974724827,39.66101694915254
Troy,Sun Belt,61,47.30886626366648,87,45,69,51,57,90,94,88,24,48,55,58,31.24542124542125,53.33537331701349,27.518796992481207,55.87009517448654,44.32098137809494,36.95475829857168,47.57072252581098,45.01877432911915,65.45277507302822,51.41414141414143,59.45653281695882,49.54802259887005
UTSA,AAC,62,47.160912537483235,62,75,65,54,65,69,56,63,47,75,89,71,41.90975690975692,40.197878416972685,27.981316928685352,55.638003005510114,42.02435164302469,45.1440763053339,55.78380794944349,51.36932033483757,59.03602726387538,46.56565656565661,53.086781492050534,47.193973634651606
Bowling Green,MAC,63,47.155226189113925,61,46,63,25,115,84,84,48,33,50,48,118,42.20113220113221,52.86617707058343,28.411938938254732,67.57126954973006,26.126439366863444,38.80044078827041,49.70472657519604,55.99745082503702,61.26095423563781,51.111111111111164,60.96361598043215,30.84745762711864
Akron,MAC,64,46.98084232605575,106,19,7,123,23,105,69,128,126,2,114,2,24.830169830169837,63.953488372093034,66.1038961038961,33.679217454221636,53.98817593243039,32.42538863735618,52.88202485726704,15.920286609941757,30.67185978578383,70.20202020202021,42.80472890338361,76.30885122410547
App State,Sun Belt,65,46.751106518673105,88,53,84,52,37,100,46,94,86,62,104,11,31.049783549783562,49.98980008159937,23.85623148781044,55.75680414092502,48.998933954474325,33.23079369732513,57.85324028700575,42.02866099417821,51.183057448880234,50.0,49.13753567060744,67.92843691148775
Rice,AAC,66,46.74523436803008,69,48,59,39,83,79,82,84,46,75,67,86,39.380619380619386,52.152182782537764,30.16632490316701,60.4117548839539,34.29691319226205,40.60308803209411,50.18947676285799,46.81869854283647,59.68354430379748,46.56565656565661,57.73669995923359,42.93785310734463
Oklahoma,SEC,67,46.47765136423908,60,10,47,44,117,117,120,102,8,92,92,35,42.35431235431236,69.91024071807426,36.01275917065391,57.781182167306724,25.177325067885945,28.98952579987062,33.406767503825726,38.26690550828479,74.03602726387535,43.03030303030307,52.38228699551571,56.38418079096044
Minnesota,Big Ten,68,46.393627859352684,56,89,70,80,30,61,43,75,48,64,117,74,46.37029637029639,32.75193798449614,26.926406926406926,50.326849223576566,50.89891361950184,46.58456636144264,58.462848131753255,48.07778428468083,58.89483933787732,49.69696969696975,40.78296983285774,46.94915254237286
Michigan,Big Ten,69,46.359158882034144,53,80,48,42,70,56,80,81,70,78,109,82,47.283549783549795,38.59649122807019,35.61745272271588,57.950269939333225,40.16330112602344,47.268869474751824,50.65524268412346,47.297530056150734,55.49172346640704,46.26262626262629,45.862209539339595,43.86064030131827
North Texas,AAC,70,46.33069917437811,64,109,93,92,19,59,28,39,89,104,11,106,41.18298368298369,23.86780905752756,21.937799043062206,46.60112984916793,55.154725518952624,46.8146778846576,63.02367090978228,57.88694064556134,50.45277507302824,41.414141414141405,70.24943946188341,37.38229755178907
Ball State,MAC,71,46.319692695086815,111,26,57,66,68,116,63,66,9,87,49,106,22.195304695304696,60.36311709506326,30.44543176122124,53.8090109645461,40.435918134276555,29.035380328483775,53.582341261424304,50.199800199800194,73.61246348588121,43.83838383838386,60.9368630248675,37.38229755178907
New Mexico State,C-USA,72,46.19717618693962,63,119,99,110,14,29,19,23,119,113,6,45,41.601731601731615,16.442268461852315,20.378218272955117,39.4348527856626,56.23623794793427,54.45869077207819,64.91622242095545,62.98873540252849,35.876338851022396,38.282828282828305,71.1322869955157,52.617702448210935
Arizona,Big 12,73,46.1293973729506,47,8,21,14,126,71,117,46,112,65,116,127,48.198468198468206,71.43002855977153,52.14855320118478,73.05702120554348,18.031220344831834,44.830983193052155,36.52478553025337,56.70536360191532,40.384615384615394,48.48484848484852,40.93202201386059,22.824858757062145
Boston College,ACC,74,45.687214258938354,65,124,88,95,27,9,27,17,125,59,76,102,40.6884781884782,14.89188086495308,22.564365459102298,46.11215005287473,52.70852076426632,64.53053688854905,63.24405282092388,66.123531640773,31.26095423563778,50.303030303030305,56.40287403179782,39.41619585687383
UCF,Big 12,75,45.68684707376476,70,121,103,99,3,6,34,1,128,99,34,129,38.64635364635366,15.901672786617713,19.36887673729779,43.19555295820116,74.92518681472171,65.29041051353424,61.418072107521276,82.05243032829239,26.66991236611491,42.12121212121218,63.05926416632694,15.593220338983045
Middle Tennessee,C-USA,76,45.25427918742013,105,77,89,108,44,88,76,72,78,70,9,32,25.33133533133533,39.065687474500216,22.45158350421508,40.51970278844549,47.400692416082286,38.42998880017136,51.53060044418912,49.498777084983985,53.54917234664071,47.77777777777783,70.41505299633103,57.0809792843691
San Jose State,MW,77,45.24721501702437,58,101,110,88,62,60,45,57,59,94,74,63,43.73043623043624,27.335781313749507,17.57233994076099,47.969694439806325,43.212982133980766,46.70996196351166,57.92028363129609,52.46477660270763,57.51703992210322,42.92929292929294,56.80926416632693,48.79472693032016
Louisville,ACC,78,45.07127928294289,45,114,91,113,13,22,24,41,107,73,102,111,48.28504828504828,20.95063239494086,22.287537024379134,38.50342294206046,57.32716813941165,55.1548128830076,63.61456461895237,57.72847841813359,45.04868549172346,47.070707070707094,49.42290052996333,35.46139359698682
Georgia Southern,Sun Belt,79,44.97634362117309,107,93,115,119,4,68,39,70,106,39,31,78,24.13586413586414,30.609955120359054,15.04670767828663,37.08677018979241,69.44293472679246,45.200049368406354,59.3375530618886,49.886320575975745,46.42648490749757,52.727272727272755,64.09116388096209,45.725047080979266
Northern Illinois,MAC,80,44.89800469269551,89,86,104,91,33,87,51,87,81,50,42,53,30.288045288045293,34.812321501428,19.13647755753019,47.06773529248067,50.447692904943246,38.6802105564783,56.458375145615776,45.17723655654689,52.9016553067186,51.111111111111164,61.847737464329384,50.84745762711863
Utah,Big 12,81,44.812275892836375,76,4,29,26,119,109,119,118,40,68,120,90,36.995504495504505,76.51978784169727,44.90202779676464,67.30979017086881,23.199307378513964,31.06013736845378,35.84152203341829,31.98870095421817,60.38948393378773,47.97979797979802,39.73450876477783,41.82674199623352
Navy,AAC,82,44.62001646965262,97,129,122,129,1,4,7,13,111,106,87,48,26.63170163170164,11.84210526315789,12.200956937799042,10.51383091222798,84.3700317965024,66.22383401288067,68.82045692804328,68.49185297461159,40.905550146056484,40.60606060606068,53.477884223399904,51.35593220338982
UCLA,Big Ten,83,44.45082177590954,73,57,53,53,103,80,98,90,62,67,110,64,37.95288045288046,49.24520603835171,31.52996126680337,55.74233316636055,29.659841099649597,40.47568707305015,45.84258648666532,44.00254917496296,57.351509250243424,48.08080808080809,44.78826946596006,48.738229755178885
Charlotte,AAC,84,44.3277721015509,77,71,56,69,80,86,66,43,82,127,23,112,35.278055278055284,43.28845369237048,30.517202096149468,53.28808370902211,35.36153629689881,38.73591662638316,53.08817997544366,57.65269213545076,52.73612463485883,31.414141414141458,65.45046881369751,35.12241054613934
Iowa,Big Ten,85,44.253724816459254,83,84,85,100,51,76,81,96,45,45,111,24,31.97968697968698,36.281109751122,23.579403053087262,42.53473033895475,45.87480435291654,42.27847747624624,50.21503520610241,41.56016397395706,59.76630963972738,51.71717171717175,44.78699551569508,60.470809792843674
Marshall,Sun Belt,86,44.16565025197766,78,128,117,120,10,33,30,15,110,89,15,115,34.868464868464876,11.93390452876378,13.793574846206427,36.40145822897535,63.14870616170205,53.726303183706825,62.94457397047008,67.93034551655239,41.587147030185,43.737373737373744,67.76905829596413,32.14689265536724
San Diego State,MW,87,44.01753215126047,66,117,114,116,24,44,35,22,108,114,17,96,40.02997002997004,17.737658098735224,15.506949191159718,37.9625424389158,53.93401096034475,50.944911710631786,61.209345678026374,63.06452168521134,43.02336903602726,37.979797979798036,66.29000203832042,40.527306967984934
Texas State,Sun Belt,88,43.85086332245589,93,47,80,55,72,98,102,99,32,80,88,65,27.31435231435232,52.60097919216649,24.51811346548189,55.48558468303,39.10631390624552,33.71855700456106,44.68644687450099,39.68962072410346,61.40214216163583,45.858585858585876,53.147931104769654,48.68173258003763
Vanderbilt,SEC,89,43.40740408252601,74,15,36,30,127,106,125,116,68,71,99,57,37.892107892107894,67.02366381068951,41.1574390521759,65.63761340234873,13.722609408313923,31.635314201237115,28.763276533779187,32.305625409073656,55.69133398247325,47.27272727272728,50.1261210762332,49.661016949152526
Old Dominion,Sun Belt,90,43.34553208160245,84,56,73,58,88,95,90,73,76,100,72,105,31.800699300699307,49.54100367197064,26.387559808612444,54.473312183447426,33.395005812926485,35.635861021256545,48.425050976221044,49.254194081780284,54.33787731256088,42.02020202020205,57.22966775377088,37.64595103578152
Michigan State,Big Ten,91,43.29692514618662,101,77,76,78,79,82,95,85,58,36,113,41,25.945720945720943,39.065687474500216,25.958077010708585,50.53676184115322,35.39683493342865,39.74981970925175,47.115268047686,46.5207206586517,57.5754625121714,54.54545454545455,42.85950876477784,54.29378531073445
East Carolina,AAC,92,43.25624476683685,85,73,108,49,53,89,91,92,60,112,27,104,31.38195138195139,41.197470420236655,18.122579175210753,56.15940335058717,44.81327770999455,37.133841104429344,48.411981888685574,43.129284508594836,57.37585199610517,38.78787878787884,64.74597431716265,37.815442561205266
Kentucky,SEC,93,43.24000776116902,98,88,94,101,46,96,97,74,78,38,45,60,26.43273393273393,34.08812729498166,21.63021189336979,42.5315856848667,46.878366054152664,35.35868477552048,46.067316828161026,49.1095111784767,53.54917234664071,52.92929292929297,61.26554219323277,49.03954802259888
West Virginia,Big 12,94,43.06327680105883,72,122,96,117,16,34,25,20,124,96,36,119,38.18348318348319,15.88127294981641,21.23718386876282,37.76339956587077,55.6033581461078,53.52423344816852,63.496809265755296,63.93606393606392,31.40214216163583,42.424242424242465,62.836322869955154,30.470809792843685
Rutgers,Big Ten,95,42.94202882383204,102,11,46,40,81,115,124,117,40,100,122,34,25.87745587745588,68.79844961240309,36.7965367965368,59.4533589358268,35.12603574847078,29.221107943217472,32.352063765309204,32.08171139205621,60.38948393378773,42.02020202020205,36.67193232776193,56.51600753295668
SMiss,Sun Belt,96,42.6618009581104,104,82,105,90,55,92,78,89,64,77,62,76,25.35714285714286,36.862505099959215,18.709273182957396,47.43755217899482,44.341162297728644,36.11892277206679,51.43627213818513,44.944710461951836,55.99805258033108,46.46464646464648,58.245006114961264,46.026365348399224
Arkansas State,Sun Belt,97,42.45794158467892,109,112,126,85,7,94,37,110,94,86,56,43,22.614052614052618,22.858017135862926,9.93848257006152,49.147464796571484,66.84642576913438,35.82613352390229,59.49305272735062,35.605773536808,49.66407010710808,44.24242424242426,59.45525886669384,53.80414312617701
South Alabama,Sun Belt,98,42.26368657121544,90,99,121,98,18,81,57,59,63,119,68,100,29.82683982683983,28.23337413300696,12.704488493962184,43.795096565926436,55.32873331607943,40.43439037860946,55.705245936643976,52.004891660064075,56.86952288218112,34.848484848484894,57.676824296779444,39.736346516007536
Arkansas,SEC,99,42.02970369687651,99,90,111,87,78,65,105,125,77,5,61,39,25.989843489843494,32.48674010607917,15.824789245841878,48.632047642900865,35.51649803017794,46.18839916000159,43.5816366789299,19.676874849288616,54.19668938656282,68.18181818181819,58.54438442723195,55.5367231638418
Miami (OH),MAC,100,41.78281609611849,82,110,128,106,22,73,59,93,74,123,41,66,32.5957375957376,23.837209302325597,8.96103896103896,41.60697389658821,54.3321964235097,43.87470991933467,55.01581502387423,42.89503599848426,54.785783836416755,33.43434343434348,61.938187933143084,48.116760828625246
Coastal Carolina,Sun Belt,101,41.44308023348651,110,72,107,74,25,111,71,91,100,103,105,87,22.47752247752248,42.982456140350905,18.282068808384604,51.73362275282461,53.09359119721638,30.851619457096128,52.595642454289354,43.69423679768507,48.76825705939631,41.61616161616165,48.886567468406014,42.335216572504685
Pittsburgh,ACC,102,41.36185171770531,79,120,112,105,34,55,42,54,114,107,40,108,33.807858807858814,16.289269685842523,15.819093187514241,41.6546724550565,49.97257346265555,47.28237730266127,58.66494668049346,54.28364738709567,38.972736124634864,40.303030303030326,61.96621483897269,37.32580037664784
Virginia Tech,ACC,103,41.347545476751286,96,34,77,72,94,112,115,108,28,84,101,98,26.681651681651683,56.527947776417776,25.648211437685124,52.48157733622752,32.652091215702725,30.64213320298512,36.97763714643466,36.62716593751075,63.85102239532619,44.64646464646472,49.45347533632288,39.98116760828626
Stanford,ACC,104,41.028585274842136,91,70,83,60,102,91,103,95,91,79,108,84,29.304861804861808,44.86944104447166,23.970152654363183,54.28157177046807,29.851544430887806,36.531102621366315,44.13139720230251,41.966654035619555,50.287244401168465,46.161616161616195,47.616439054219306,43.37099811676083
Northwestern,Big Ten,105,41.004303756960326,100,64,95,48,122,114,121,107,80,43,60,33,25.971528471528472,47.03182374541003,21.514012303485988,56.70178660878277,21.029155010003173,29.243563138086454,33.16671967290965,36.635778015088356,53.46640701071083,51.91919191919197,58.79917448022828,56.57250470809791
Wake Forest,ACC,106,40.96458599818847,103,69,75,62,110,99,110,104,104,69,78,69,25.783383283383284,45.318237454100384,26.114149008885853,54.20782545778372,28.12753930400989,33.318049991477984,41.90709042157163,37.80874298115677,47.47322297955211,47.87878787878793,56.123878923766796,47.514124293785294
Wyoming,MW,107,40.91893612063513,114,85,118,112,41,102,85,103,101,63,20,51,18.854478854478856,35.414116687066524,13.761676919571663,38.59667724160963,48.23914543818785,33.15627277087723,49.68306777699391,37.96720520858452,48.70983446932816,49.79797979797982,65.81099673868732,51.03578154425611
Georgia State,Sun Belt,108,40.83623006209211,117,37,98,71,61,113,104,112,49,58,112,103,17.94871794871795,55.528355773153834,20.701754385964914,52.49785718261256,43.32807499702166,30.000540553278896,43.84867159708061,34.82551930827792,58.72930866601756,50.40404040404043,43.22003668976764,39.00188323917135
Oregon State,Pac-12,109,40.54538249547786,92,102,119,118,54,75,58,76,95,110,70,81,27.82717282717283,26.937984496124045,13.290043290043291,37.68236210830969,44.74589500581294,42.64942798918459,55.429657178442625,48.0106100795756,49.49853943524832,39.090909090909165,57.257694659600475,44.12429378531071
North Carolina,ACC,110,40.334818620432834,75,118,97,124,29,38,64,18,127,122,79,114,37.430902430902435,17.17666258669932,21.041239462292097,33.189180163633324,51.42496292462093,53.01235219592216,53.20999156809537,65.82210892555719,29.659201557935727,33.838383838383834,55.33148185894821,32.88135593220339
Western Michigan,MAC,111,39.919241653960164,81,126,123,121,15,48,36,44,109,116,94,116,33.35581085581086,13.229294165646682,11.454773296878558,35.01733734068014,55.70023683053779,49.829465853806624,60.78245017009247,57.26170381342796,42.010710808179155,36.86868686868691,51.995006114961285,31.525423728813557
Tulsa,AAC,112,39.89456183335994,108,81,106,94,64,97,96,98,105,105,51,92,23.416583416583414,37.433700530395775,18.669400774663934,46.13558190015029,42.63537134946164,34.322687867312624,46.48427928970769,39.69478797065004,47.19084712755601,40.70707070707073,60.51900733795352,41.525423728813536
Virginia,ACC,113,39.17901740136488,94,94,113,103,56,83,87,97,97,115,82,91,27.074592074592076,30.14075887392902,15.550239234449759,42.09745644793233,44.33111805375827,39.18333094296584,49.361057975548285,40.3923662544352,49.21616358325221,37.27272727272731,53.758153281695904,41.77024482109229
Temple,AAC,114,38.30502869755116,119,35,78,77,97,120,113,105,68,48,123,113,17.793872793872808,56.40554875560998,24.910002278423335,50.70303890465853,31.867243440430872,26.59979829351026,38.58202955541847,36.79596265803162,55.69133398247325,51.41414141414143,35.50754178556872,33.38983050847455
FIU,C-USA,115,37.85396873036226,120,31,87,73,107,126,112,109,52,128,47,93,16.486013986013997,58.129334965320275,22.68740031897927,52.339205209550826,28.47231465391521,18.667522095513974,38.95942170805614,35.77457025732887,58.30574488802338,22.323232323232347,61.08591520587036,41.016949152542374
UTEP,C-USA,116,37.80659049843408,118,97,127,125,31,93,79,101,90,125,66,67,17.854645354645356,28.988168094655254,8.966735019366597,33.03158568486671,50.89723444374608,36.07356151473799,50.85461171584786,38.67511798546281,50.370009737098364,32.12121212121214,57.84243783122706,48.00376647834273
Hawai'i,MW,117,37.703490926698066,126,98,124,114,69,104,111,119,84,90,28,37,12.246919746919755,28.977968176254603,10.68010936431989,38.0965937552179,40.43106547039516,33.09889850964901,40.922346426567984,31.463364221984904,52.65335929892895,43.33333333333338,64.51156746840603,56.026365348399224
Eastern Michigan,MAC,118,36.87698053484879,128,111,109,122,21,103,86,106,120,32,119,46,10.238095238095244,23.062015503875976,17.619047619047624,33.83119051594591,54.74533528056101,33.11917254107922,49.45625155930145,36.73051086844191,34.8636806231743,56.66666666666672,40.5345495311863,51.65725047080978
UConn,Ind,119,36.79674027766469,115,62,120,57,123,121,109,100,115,74,91,88,18.36746586746587,48.204814361485134,13.177261335156079,54.58354204931262,20.848302132501857,24.790101529452446,42.074054431135934,38.98687519377174,38.74878286270692,46.76767676767677,52.86511414594373,42.14689265536721
Oklahoma State,Big 12,120,36.53359712624463,112,44,71,70,113,122,122,115,85,34,125,124,20.826673326673337,53.620971032231765,26.622237411711097,53.287554961874534,26.873698253657224,24.50416723236195,32.78328945048231,33.339074718385056,51.299902629016565,55.95959595959599,31.8283734203017,27.457627118644062
Purdue,Big Ten,121,36.30003760994955,124,30,52,64,118,124,126,120,103,15,127,95,14.091741591741599,58.465932272541835,32.89929368876738,54.14384705293037,23.57898082761286,21.98299915845554,27.409311563182143,30.75717386062213,48.03797468354432,61.41414141414142,22.2164186710151,40.6026365348399
New Mexico,MW,122,36.18565157076515,116,65,100,89,91,108,116,111,82,93,115,121,18.212620712620726,46.91962464300288,19.841649578491683,47.45422162854121,33.01043861919376,31.113492284891876,36.640386028464626,35.542044162733816,52.73612463485883,43.03030303030306,41.29000203832044,28.436911487758948
Kent State,MAC,123,34.366504352538726,125,103,129,102,45,118,108,121,99,120,98,79,13.57142857142858,26.764585883312957,7.092731829573942,42.27403016641622,47.21050907268418,28.352515188214984,42.42461102115475,25.491749629680648,48.85102239532621,34.34343434343435,50.3528842233999,45.66854990583803
Florida State,ACC,124,34.26278854366671,121,38,58,93,121,125,118,124,52,118,121,117,16.074758574758583,55.25295797633621,30.40442014126225,46.47601157677964,21.30376443474939,20.34927040505133,36.361161854152016,22.837507320265935,58.30574488802338,35.25252525252529,37.122910721565425,31.412429378531073
Mississippi State,SEC,125,34.05059740507064,113,66,101,79,105,119,123,122,91,97,124,120,20.80086580086581,46.7360261117911,19.838231943495103,50.529220237101335,29.322193260291773,26.973685356038295,32.55853367268029,25.259223535085585,50.287244401168465,42.222222222222264,33.66540970240523,30.41431261770245
Auburn,SEC,126,32.55468332045932,122,68,116,46,106,127,114,123,117,120,93,126,15.768398268398279,45.726234190126505,14.851902483481435,56.83920520955084,29.0453706100081,17.57127141508479,38.474208328396394,24.389403699748502,37.453748782862704,34.34343434343435,52.14405829596414,24.04896421845573
UL Monroe,Sun Belt,127,32.22217237214216,123,12,90,50,111,123,127,127,87,88,128,128,15.683483183483197,68.61485108119135,22.377534745955803,56.0728557911727,27.54415153867959,22.291995998892546,22.404982675642767,15.999517723655629,50.65238558909448,43.73737373737379,20.627802690582957,20.659133709981162
California,ACC,128,28.166656236591464,127,6,92,75,129,129,129,129,87,129,126,109,10.734265734265742,71.79722562219501,22.02551834130782,51.69975510658429,7.377990165267864,11.751818724435354,13.43668181838768,12.78549037169725,50.65238558909448,17.272727272727323,31.818181818181806,36.64783427495293
UMass,Ind,129,27.663337174047395,129,23,66,81,128,128,128,126,73,126,129,122,4.220779220779222,62.229702162382694,27.87195260879472,49.94180998497244,11.834625322997413,12.214222559050139,17.101378131704294,18.681318681318675,54.81986368062317,31.515151515151587,13.261822258459041,28.26741996233522
