Conference,School,Head Coach,Profile Link,Headshot URL
MAC,Akron,Joe Moorhead,https://gozips.com/sports/football/roster/coaches/joe-moorhead/1226,https://images.sidearmdev.com/crop?url=https%3A%2F%2Fdxbhsrqyrr690.cloudfront.net%2Fsidearm.nextgen.sites%2Fakron.sidearmsports.com%2Fimages%2F2021%2F12%2F3%2FCropped_JM_BlueTie.jpg&width=180&height=270&type=webp
MAC,Ball State,Mike Uremovich,https://ballstatesports.com/sports/football/roster/coaches/mike-uremovich/1987,https://images.sidearmdev.com/resize?url=https%3A%2F%2Fdxbhsrqyrr690.cloudfront.net%2Fsidearm.nextgen.sites%2Fbsu.sidearmsports.com%2Fimages%2F2025%2F8%2F30%2F1N5A2792_6P2kJ.jpg&height=300&type=webp
MAC,Bowling Green,Eddie George,https://bgsufalcons.com/sports/football/roster/coaches/eddie-george/2315,https://images.sidearmdev.com/resize?url=https%3A%2F%2Fdxbhsrqyrr690.cloudfront.net%2Fsidearm.nextgen.sites%2Fbgsufalcons.com%2Fimages%2F2025%2F3%2F10%2F20250310_EddieGeorge-15.jpg&height=300&type=webp
MAC,Buffalo,Pete Lembo,https://ubbulls.com/sports/football/roster/coaches/pete-lembo/566,https://images.sidearmdev.com/resize?url=https%3A%2F%2Fdxbhsrqyrr690.cloudfront.net%2Fsidearm.nextgen.sites%2Fubbulls.com%2Fimages%2F2024%2F9%2F14%2FLEMBO-20240914fb-3338web_OGn5f.jpg&height=300&type=webp
MAC,Central Michigan,Matt Drinkall,https://cmuchippewas.com/sports/football/roster/coaches/matt-drinkall/1306,https://images.sidearmdev.com/resize?url=https%3A%2F%2Fdxbhsrqyrr690.cloudfront.net%2Fsidearm.nextgen.sites%2Fcmuchippewas.com%2Fimages%2F2025%2F4%2F8%2F_drinkall_matt_fbprac05_JTR_3386.jpg&height=300&type=webp
MAC,Eastern Michigan,Chris Creighton,https://emueagles.com/sports/football/roster/coaches/chris-creighton/2188,https://images.sidearmdev.com/resize?url=https%3A%2F%2Fdxbhsrqyrr690.cloudfront.net%2Fsidearm.nextgen.sites%2Femueagles.com%2Fimages%2F2019%2F1%2F2%2FCC_Purdue_1.jpg&height=300&type=webp
MAC,Kent State,Mark Carney,https://kentstatesports.com/sports/football/roster/coaches/mark-carney/1378,https://images.sidearmdev.com/resize?url=https%3A%2F%2Fdxbhsrqyrr690.cloudfront.net%2Fsidearm.nextgen.sites%2Fkentstatesports.com%2Fimages%2F2025%2F11%2F4%2F20250830_Football_vs._Merrimack__RH-116-2.jpg&height=300&type=webp
MAC,Miami (OH),Chuck Martin,https://miamiredhawks.com/sports/football/roster/coaches/chuck-martin/858,https://images.sidearmdev.com/crop?url=https%3A%2F%2Fdxbhsrqyrr690.cloudfront.net%2Fsidearm.nextgen.sites%2Fmiamiredhawks.com%2Fimages%2F2019%2F5%2F14%2FMartin_Chuck_Headshot.JPG&width=180&height=270&type=webp
MAC,Northern Illinois,Thomas Hammock,https://niuhuskies.com/sports/football/roster/coaches/thomas-hammock/558,https://dxbhsrqyrr690.cloudfront.net/sidearm.nextgen.sites/niuhuskies.com/images/2016/6/8/584760.jpeg?width=300
MAC,Ohio,Brian Smith,https://ohiobobcats.com/sports/football/roster/coaches/brian-smith/603,https://dxbhsrqyrr690.cloudfront.net/sidearm.nextgen.sites/ohiobobcats.com/images/2025/9/1/Brian_Smith.jpg?width=300
MAC,Toledo,Jason Candle,https://utrockets.com/sports/football/roster/coaches/jason-candle/1278,https://images.sidearmdev.com/resize?url=https%3A%2F%2Fdxbhsrqyrr690.cloudfront.net%2Fsidearm.nextgen.sites%2Futrockets.com%2Fimages%2F2018%2F10%2F23%2FJason_Candle_vs_Nevada_9_22_18.JPG&height=300&type=webp
MAC,UMass,Joe Harasymiak,https://umassathletics.com/sports/football/roster/coaches/joe-harasymiak/2392,https://images.sidearmdev.com/resize?url=https%3A%2F%2Fdxbhsrqyrr690.cloudfront.net%2Fsidearm.nextgen.sites%2Fumassathletics.com%2Fimages%2F2024%2F12%2F10%2F2024_um_FB_harasymiak_presser_0143.JPG&height=300&type=webp
MAC,Western Michigan,Lance Taylor,https://wmubroncos.com/staff-directory/lance-taylor/1567,https://wmubroncos.com/images/2024/4/9/Coach_Taylor_HS.jpeg?width=300
AAC,Army,Jeff Monken,https://goarmywestpoint.com/sports/football/roster/coaches/jeff-monken/1958,https://images.sidearmdev.com/crop?url=https%3A%2F%2Fdxbhsrqyrr690.cloudfront.net%2Fsidearm.nextgen.sites%2Fgoarmywestpoint.com%2Fimages%2F2023%2F3%2F28%2FMonken__Jeff-HS.jpg&width=180&height=270&type=webp
AAC,Charlotte,Tim Albin,https://charlotte49ers.com/sports/football/roster/coaches/tim-albin/2321,https://images.sidearmdev.com/crop?url=https%3A%2F%2Fdxbhsrqyrr690.cloudfront.net%2Fsidearm.nextgen.sites%2Funcc.sidearmsports.com%2Fimages%2F2024%2F12%2F10%2FAlbin_Announcement_Headshot.jpg&width=180&height=270&type=webp
AAC,East Carolina,Blake Harrell,https://ecupirates.com/sports/football/roster/coaches/blake-harrell/4000,https://images.sidearmdev.com/resize?url=https%3A%2F%2Fdxbhsrqyrr690.cloudfront.net%2Fsidearm.nextgen.sites%2Fecupirates.com%2Fimages%2F2025%2F7%2F28%2F072825Camp01_yyiqm.jpg&height=300&type=webp
AAC,Florida Atlantic,Zach Kittley,https://fausports.com/sports/football/roster/coaches/zach-kittley/1653,https://images.sidearmdev.com/crop?url=https%3A%2F%2Fdxbhsrqyrr690.cloudfront.net%2Fsidearm.nextgen.sites%2Ffausports.com%2Fimages%2F2024%2F12%2F12%2FKittley_Zach.jpg&width=180&height=270&type=webp
AAC,Memphis,Ryan Silverfield,https://gotigersgo.com/sports/football/roster/coaches/ryan-silverfield/3610,https://images.sidearmdev.com/crop?url=https%3A%2F%2Fdxbhsrqyrr690.cloudfront.net%2Fsidearm.nextgen.sites%2Fgotigersgo.com%2Fimages%2F2021%2F8%2F16%2FSilverfield_Ryan_71.jpg&width=180&height=270&type=webp
AAC,Navy,Brian Newberry,https://navysports.com/sports/football/roster/coaches/brian-newberry/2320,https://dxbhsrqyrr690.cloudfront.net/sidearm.nextgen.sites/navysports.com/images/2023/2/13/Newberry_Brian_0223_iEuje.jpg?width=300
AAC,North Texas,Eric Morris,https://meangreensports.com/sports/football/roster/coaches/eric-morris/815,https://images.sidearmdev.com/crop?url=https%3A%2F%2Fdxbhsrqyrr690.cloudfront.net%2Fsidearm.nextgen.sites%2Fmeangreensports.com%2Fimages%2F2023%2F1%2F6%2FUNT_FB_Morris_Eric_2023_NT104390_hiItz.jpg&width=180&height=270&type=webp
AAC,Rice,Scott Abell,https://riceowls.com/sports/football/roster/coaches/scott-abell/3053,https://images.sidearmdev.com/crop?url=https%3A%2F%2Fdxbhsrqyrr690.cloudfront.net%2Fsidearm.nextgen.sites%2Friceowls.com%2Fimages%2F2024%2F12%2F11%2F24FB_AbellHeadshots.png&width=180&height=270&type=webp
AAC,South Florida,Alex Golesh,https://gousfbulls.com/sports/football/roster/coaches/alex-golesh/5027,https://dxbhsrqyrr690.cloudfront.net/sidearm.nextgen.sites/usf.sidearmsports.com/images/2023/1/16/Alex_Golesh_-_H.23-MH3829.jpg?width=300
AAC,Temple,K.C. Keeler,https://owlsports.com/sports/football/roster/coaches/k-c-keeler/5128,https://images.sidearmdev.com/crop?url=https%3A%2F%2Fdxbhsrqyrr690.cloudfront.net%2Fsidearm.nextgen.sites%2Fowlsports.com%2Fimages%2F2025%2F1%2F13%2FKeeler_KC_TEM_HS25__polo__cropped.jpg&width=180&height=270&type=webp
AAC,Tulane,Jon Sumrall,https://tulanegreenwave.com/sports/football/roster/coaches/jon-sumrall/7893,https://images.sidearmdev.com/crop?url=https%3A%2F%2Fdxbhsrqyrr690.cloudfront.net%2Fsidearm.nextgen.sites%2Ftulanegreenwave.com%2Fimages%2F2024%2F1%2F26%2FJon_Sumrall.jpg&width=180&height=270&type=webp
AAC,Tulsa,Tre Lamb,https://tulsahurricane.com/staff-directory/tre-lamb/2657,https://images.sidearmdev.com/crop?url=https%3A%2F%2Fdxbhsrqyrr690.cloudfront.net%2Fsidearm.nextgen.sites%2Ftulsahurricane.com%2Fimages%2F2024%2F12%2F10%2FLamb_Trey_Headshot__24_.png&width=180&height=270&type=webp
AAC,UAB,Trent Dilfer,https://uabsports.com/sports/football/roster/coaches/trent-dilfer/2001,https://images.sidearmdev.com/crop?url=https%3A%2F%2Fdxbhsrqyrr690.cloudfront.net%2Fsidearm.nextgen.sites%2Fuabsports.com%2Fimages%2F2022%2F12%2F3%2FTrent_Dilfer_Headshot_sZnA7.jpg&width=180&height=270&type=webp
AAC,UTSA,Jeff Traylor,https://goutsa.com/sports/football/roster/season/2025/staff/jeff-traylor,https://goutsa.com/imgproxy/JQ0-Iq02j72lYZBq1MzYQgJyEuQEHIrKnVK6CB6wJJM/rs:fit:1980:0:0:0/g:ce:0:0/q:90/aHR0cHM6Ly9zdG9yYWdlLmdvb2dsZWFwaXMuY29tL2dvdXRzYS1wcm9kLzIwMjUvMDgvMDEveFI3azdxQ1BSZGhHa1ZrYmt3VTlzb1l0WjFWcEp4RWxVSXUxanJEMC5qcGc.jpg
CUSA,Delaware,Ryan Carty,https://bluehens.com/staff-directory/ryan-carty/1589,https://images.sidearmdev.com/resize?url=https%3A%2F%2Fdxbhsrqyrr690.cloudfront.net%2Fsidearm.nextgen.sites%2Fbluehens.com%2Fimages%2F2021%2F12%2F13%2FCarty_Presser_12_13_21_15_71.JPG&height=300&type=webp
CUSA,FIU,Willie Simmons,https://fiusports.com/staff-directory/willie-simmons/1807,https://fiusports.com/images/2025/3/2/WillieSimmonsWeb25.jpg?width=300
CUSA,Jacksonville State,Charles Kelly,https://jsugamecocksports.com/sports/football/coaches,https://jaxstatesports.com/images/2024/12/21/Charles_Kelly_hc.jpg
CUSA,Kennesaw State,Jerry Mack,https://ksuowls.com/sports/football/roster/coaches/jerry-mack/2287,https://dxbhsrqyrr690.cloudfront.net/sidearm.nextgen.sites/ksuowls.com/images/2025/1/8/MackJ-24.jpg?width=300
CUSA,Liberty,Jamey Chadwell,https://libertyflames.com/sports/football/roster/coaches/jamey-chadwell/1575,https://images.sidearmdev.com/crop?url=https%3A%2F%2Fdxbhsrqyrr690.cloudfront.net%2Fsidearm.nextgen.sites%2Flibertyuni.sidearmsports.com%2Fimages%2F2025%2F7%2F26%2FChadwell__Jamey__2025_.jpg&width=180&height=270&type=webp
CUSA,Louisiana Tech,Sonny Cumbie,https://latechsports.com/sports/football/roster/coaches/sonny-cumbie/3199,https://dxbhsrqyrr690.cloudfront.net/sidearm.nextgen.sites/latechsports.com/images/2021/12/1/HeadCoachCumbie_29_copy.jpg?width=300
CUSA,Middle Tennessee,Derek Mason,https://goblueraiders.com/sports/football/roster/coaches/derek-mason/2031,https://images.sidearmdev.com/crop?url=https%3A%2F%2Fdxbhsrqyrr690.cloudfront.net%2Fsidearm.nextgen.sites%2Fmtsu.sidearmsports.com%2Fimages%2F2024%2F7%2F2%2FMason__Derek-web_3OtXu.jpg&width=180&height=270&type=webp
CUSA,Missouri State,Ryan Beard,https://missouristatebears.com/sports/football/roster/coaches/ryan-beard/1234,https://missouristatebears.com/images/2022/12/16/Ryan_Beard.jpg
CUSA,New Mexico State,Tony Sanchez,https://nmstatesports.com/staff-directory/tony-sanchez/1446,https://nmstatesports.com/images/2025/6/30/HC_-_Tony_Sanchez.png?width=300
CUSA,Sam Houston,Phil Longo,https://gobearkats.com/staff-directory/phil-longo/507,https://gobearkats.com/images/2025/2/10/Phil_WrDZh.jpg?width=300
CUSA,UTEP,Scotty Walden,https://utepathletics.com/sports/football/coaches,https://utepminers.com/images/2023/12/4/Scotty_Walden.jpg
CUSA,Western Kentucky,Tyson Helton,https://wkusports.com/sports/football/roster/coaches/tyson-helton/1191,https://images.sidearmdev.com/crop?url=https%3A%2F%2Fdxbhsrqyrr690.cloudfront.net%2Fsidearm.nextgen.sites%2Fwkusports.com%2Fimages%2F2018%2F11%2F27%2FTyson_Helton_Headshot.JPG&width=180&height=270&type=webp
Sun Belt,Appalachian State,Dowell Loggains,https://appstatesports.com/sports/football/roster/coaches/dowell-loggains/1583,https://dxbhsrqyrr690.cloudfront.net/sidearm.nextgen.sites/appstate.sidearmsports.com/images/2024/12/10/Loggains_Dowell.jpg?width=300
Sun Belt,Arkansas State,Butch Jones,https://astateredwolves.com/sports/football/roster/coaches/butch-jones/1026,https://dxbhsrqyrr690.cloudfront.net/sidearm.nextgen.sites/astateredwolves.com/images/2021/5/26/21_Butch_Jones.jpg?width=300
Sun Belt,Coastal Carolina,Tim Beck,https://goccusports.com/sports/football/roster/coaches/tim-beck/2415,https://dxbhsrqyrr690.cloudfront.net/sidearm.nextgen.sites/goccusports.com/images/2023/3/24/Tim_Beck_2023_hs.png?width=300
Sun Belt,Georgia Southern,Clay Helton,https://gseagles.com/sports/football/roster/coaches/clay-helton/1573,https://images.sidearmdev.com/crop?url=https%3A%2F%2Fdxbhsrqyrr690.cloudfront.net%2Fsidearm.nextgen.sites%2Fgeorgiasouthern.sidearmsports.com%2Fimages%2F2021%2F11%2F11%2FClay_Helton_21FB_Headshot_WEB.jpg&width=180&height=270&type=webp
Sun Belt,Georgia State,Dell McGee,https://georgiastatesports.com/sports/football/roster/coaches/dell-mcgee/1564,https://dxbhsrqyrr690.cloudfront.net/sidearm.nextgen.sites/georgiastatesports.com/images/2024/7/11/Dell_PetVa.jpg?width=300
Sun Belt,James Madison,Bob Chesney,https://jmusports.com/sports/football/roster/coaches/bob-chesney/4812,https://images.sidearmdev.com/resize?url=https%3A%2F%2Fdxbhsrqyrr690.cloudfront.net%2Fsidearm.nextgen.sites%2Fjmusports.com%2Fimages%2F2024%2F1%2F16%2FBob_Chesney.jpg&height=300&type=webp
Sun Belt,Louisiana,Michael Desormeaux,https://ragincajuns.com/sports/football/roster/coaches/michael-desormeaux/1763,https://images.sidearmdev.com/resize?url=https%3A%2F%2Fdxbhsrqyrr690.cloudfront.net%2Fsidearm.nextgen.sites%2Fragincajuns.com%2Fimages%2F2021%2F12%2F5%2FDes.png&height=300&type=webp
Sun Belt,Louisiana-Monroe,Bryant Vincent,https://ulmwarhawks.com/staff-directory/bryant-vincent/3568,https://ulmwarhawks.com/images/2025/6/16/8G6A2069.jpg?width=300
Sun Belt,Marshall,Tony Gibson,https://herdzone.com/sports/football/roster/coaches/tony-gibson/2103,https://images.sidearmdev.com/crop?url=https%3A%2F%2Fdxbhsrqyrr690.cloudfront.net%2Fsidearm.nextgen.sites%2Fherdzone.com%2Fimages%2F2025%2F2%2F26%2FTony_Gibson_2bzfF.jpg&width=180&height=270&type=webp
Sun Belt,Old Dominion,Ricky Rahne,https://odusports.com/staff/ricky-rahne,https://odusports.com/imgproxy/czVYFf74AakDxadu62Wo2hUcRjipjWG17bnjgNyHFFE/rs:fit:1200:630:0:0/g:ce:0:0/q:70/aHR0cHM6Ly9zdG9yYWdlLmdvb2dsZWFwaXMuY29tL29kdS1wcm9kLzIwMjQvMDUvMDEvS3FKU0VqenRISGVJZ21jaXBpMmRRQ0tMblpFa2tuZVNrRUxTdTFjVi5qcGc.jpg
Sun Belt,South Alabama,Major Applewhite,https://usajaguars.com/sports/football/roster/coaches/major-applewhite/1985,https://dxbhsrqyrr690.cloudfront.net/sidearm.nextgen.sites/usajaguars.com/images/2024/8/1/Major_Applewhite.jpg?width=300
Sun Belt,Southern Miss,Charles Huff,https://southernmiss.com/staff-directory,https://images.sidearmdev.com/crop?url=https%3A%2F%2Fdxbhsrqyrr690.cloudfront.net%2Fsidearm.nextgen.sites%2Fsouthernmiss.com%2Fimages%2F2025%2F12%2F5%2Fheadshot.jpg&width=100&height=100&type=webp
Sun Belt,Texas State,G.J. Kinne,https://txstatebobcats.com/staff-directory/gj-kinne/745,https://txstatebobcats.com/images/2022/12/4/120422_GJ_Kinne_Web_Headshot_Grey.png?width=300
Sun Belt,Troy,Gerad Parker,https://troytrojans.com/sports/football/roster/coaches/gerad-parker/1933,https://images.sidearmdev.com/resize?url=https%3A%2F%2Fdxbhsrqyrr690.cloudfront.net%2Fsidearm.nextgen.sites%2Ftroytrojans.com%2Fimages%2F2024%2F3%2F19%2F20240319-FB_Spring_Practice_day1-Chambers-89.jpg&height=300&type=webp
Mountain West,Air Force,Troy Calhoun,https://goairforcefalcons.com/sports/football/roster/coaches/troy-calhoun/1269,https://images.sidearmdev.com/resize?url=https%3A%2F%2Fdxbhsrqyrr690.cloudfront.net%2Fsidearm.nextgen.sites%2Fgoairforcefalcons.com%2Fimages%2F2019%2F9%2F16%2FIMG_0049.jpg&height=300&type=webp
Mountain West,Boise State,Spencer Danielson,https://broncosports.com/staff-directory/spencer-danielson/294,https://images.sidearmdev.com/resize?url=https%3A%2F%2Fdxbhsrqyrr690.cloudfront.net%2Fsidearm.nextgen.sites%2Fbroncosports.com%2Fimages%2F2023%2F12%2F4%2FD_2312_004_068.JPG&height=300&type=webp
Mountain West,Colorado State,Jay Norvell,https://csurams.com/sports/football/roster/coaches/jay-norvell/3320,https://images.sidearmdev.com/resize?url=https%3A%2F%2Fdxbhsrqyrr690.cloudfront.net%2Fsidearm.nextgen.sites%2Fcsurams.com%2Fimages%2F2025%2F1%2F29%2F122624_FB_Practice-40.jpg&height=300&type=webp
Mountain West,Fresno State,Matt Entz,https://gobulldogs.com/staff-directory/matt-entz/3051,https://images.sidearmdev.com/resize?url=https%3A%2F%2Fdxbhsrqyrr690.cloudfront.net%2Fsidearm.nextgen.sites%2Fgobulldogs.com%2Fimages%2F2024%2F12%2F24%2FENTZ__Matt_Head_Coach.png&width=1600&type=jpeg
Mountain West,Hawaii,Timmy Chang,https://hawaiiathletics.com/staff-directory/timmy-chang/1754,https://hawaiiathletics.com/images/2025/7/23/Timmy_Headshot.jpg?width=300
Mountain West,Nevada,Jeff Choate,https://nevadawolfpack.com/staff-directory/jeff-choate/2829,https://nevadawolfpack.com/images/2025/3/13/Choate_Jeff_March2025_Crop_sJMzq.jpg?width=300
Mountain West,New Mexico,Jason Eck,https://golobos.com/staff/jason-eck,https://golobos.com/imgproxy/9AE0w0S0JtZORgIELkG0qJWLv4s4l88FsKVAxxQiocY/rs:fit:1200:630:0:0/g:ce:0:0/q:70/aHR0cHM6Ly9zdG9yYWdlLmdvb2dsZWFwaXMuY29tL2dvbG9ib3MtcHJvZC8yMDI0LzA5LzIyZDUyZmE1LXBpdF9zdHJpcGVkLmpwZw.jpg
Mountain West,San Diego State,Sean Lewis,https://goaztecs.com/staff/sean-lewis,https://goaztecs.com/imgproxy/kvulsSbgcuF59HSWG2r5_TF_R9dpMSxJcz3vAybbB-8/rs:fit:1200:630:0:0/g:ce:0:0/q:70/aHR0cHM6Ly9zdG9yYWdlLmdvb2dsZWFwaXMuY29tL3Nkc3UtcHJvZC8yMDI0LzA2LzIxLzdhU2VvdHZFR2FIWElUc21QS2U0STc4TFJjTXR0ZFFwdW5ZY2tCMjMucG5n.png
Mountain West,San Jose State,Ken Niumatalolo,https://sjsuspartans.com/staff/ken-niumatalolo,https://sjsuspartans.com/imgproxy/1BAHNfJopItT17qqFsQi2-IjAnsv5zvRZEvmRc2M9Cg/rs:fit:1200:630:0:0/g:ce:0:0/q:70/aHR0cHM6Ly9zdG9yYWdlLmdvb2dsZWFwaXMuY29tL3Nhbi1qb3NlLXN0YXRlLXByb2QvMjAyNS8wNC8zMC9YSXhxZTh1czFOU3oxREkzQnhVZlg0VElONm9GbFNpNlFmU3ZQWHloLmpwZw.jpg
Mountain West,UNLV,Dan Mullen,https://unlvrebels.com/sports/football/roster/coaches/dan-mullen/3838,https://dxbhsrqyrr690.cloudfront.net/sidearm.nextgen.sites/unlvrebels.com/images/2024/12/30/D76052_001_Dan_Mullen.JPG?width=300
Mountain West,Utah State,Bronco Mendenhall,https://utahstateaggies.com/staff-directory/bronco-mendenhall/685,https://utahstateaggies.com/images/2025/2/27/1._Bronco_Mendenhall__Head_Coach__WUwVq.jpg?width=300
Mountain West,Wyoming,Jay Sawvel,https://gowyo.com/sports/football/roster/coaches/jay-sawvel/3067,https://dxbhsrqyrr690.cloudfront.net/sidearm.nextgen.sites/wyoming.sidearmsports.com/images/2020/7/31/Sawvel_Jay_DSC_6804.JPG?width=300
