id,gameId,offense,offenseConference,defense,defenseConference,driveNumber,scoring,startPeriod,startYardline,startYardsToGoal,startTime,endPeriod,endYardline,endYardsToGoal,endTime,elapsed,plays,yards,driveResult,isHomeOffense,startOffenseScore,startDefenseScore,endOffenseScore,endDefenseScore
4017546381,401754638,Pittsburgh,ACC,West Virginia,Big 12,1,False,1,81,81,"{'minutes': 14, 'seconds': 55}",1,91,91,"{'minutes': 13, 'seconds': 18}","{'minutes': 1, 'seconds': 37}",3,-10,PUNT,False,0,0,0,0
4017546382,401754638,West Virginia,Big 12,Pittsburgh,ACC,2,False,1,52,48,"{'minutes': 13, 'seconds': 18}",1,74,26,"{'minutes': 11, 'seconds': 25}","{'minutes': 1, 'seconds': 53}",5,22,MISSED FG,True,0,0,0,0
4017546383,401754638,Pittsburgh,ACC,West Virginia,Big 12,3,False,1,74,74,"{'minutes': 11, 'seconds': 25}",1,49,49,"{'minutes': 8, 'seconds': 34}","{'minutes': 2, 'seconds': 51}",8,25,PUNT,False,0,0,0,0
4017546384,401754638,West Virginia,Big 12,Pittsburgh,ACC,4,False,1,10,90,"{'minutes': 8, 'seconds': 34}",1,7,93,"{'minutes': 5, 'seconds': 37}","{'minutes': 2, 'seconds': 57}",5,-3,PUNT,True,0,0,0,0
4017546385,401754638,Pittsburgh,ACC,West Virginia,Big 12,5,False,1,53,53,"{'minutes': 5, 'seconds': 37}",1,25,25,"{'minutes': 0, 'seconds': 21}","{'minutes': 5, 'seconds': 16}",11,28,MISSED FG,False,0,0,0,0
4017546386,401754638,West Virginia,Big 12,Pittsburgh,ACC,6,True,1,25,75,"{'minutes': 0, 'seconds': 21}",2,100,0,"{'minutes': 11, 'seconds': 51}","{'minutes': 3, 'seconds': 30}",9,75,TD,True,0,0,7,0
4017546387,401754638,Pittsburgh,ACC,West Virginia,Big 12,7,False,2,80,80,"{'minutes': 11, 'seconds': 46}",2,71,71,"{'minutes': 10, 'seconds': 29}","{'minutes': 1, 'seconds': 17}",3,9,PUNT,False,0,7,0,7
4017546388,401754638,West Virginia,Big 12,Pittsburgh,ACC,8,False,2,30,70,"{'minutes': 10, 'seconds': 29}",2,32,68,"{'minutes': 9, 'seconds': 37}","{'minutes': 0, 'seconds': 52}",3,2,PUNT,True,7,0,7,0
4017546389,401754638,Pittsburgh,ACC,West Virginia,Big 12,9,False,2,61,61,"{'minutes': 9, 'seconds': 37}",2,6,6,"{'minutes': 8, 'seconds': 1}","{'minutes': 1, 'seconds': 36}",4,55,INT,False,0,7,0,7
40175463810,401754638,West Virginia,Big 12,Pittsburgh,ACC,10,False,2,10,90,"{'minutes': 8, 'seconds': 1}",2,16,84,"{'minutes': 6, 'seconds': 29}","{'minutes': 1, 'seconds': 32}",3,6,PUNT,True,7,0,7,0
40175463811,401754638,Pittsburgh,ACC,West Virginia,Big 12,11,False,2,58,58,"{'minutes': 6, 'seconds': 29}",2,56,56,"{'minutes': 5, 'seconds': 10}","{'minutes': 1, 'seconds': 19}",3,2,PUNT,False,0,7,0,7
40175463812,401754638,West Virginia,Big 12,Pittsburgh,ACC,12,False,2,3,97,"{'minutes': 5, 'seconds': 10}",2,40,60,"{'minutes': 2, 'seconds': 32}","{'minutes': 2, 'seconds': 38}",5,37,PUNT,True,7,0,7,0
40175463813,401754638,Pittsburgh,ACC,West Virginia,Big 12,13,True,2,80,80,"{'minutes': 2, 'seconds': 32}",2,5,5,"{'minutes': 1, 'seconds': 37}","{'minutes': 0, 'seconds': 55}",7,75,FG,False,0,7,3,7
40175463814,401754638,West Virginia,Big 12,Pittsburgh,ACC,14,False,2,25,75,"{'minutes': 1, 'seconds': 37}",2,45,55,"{'minutes': 0, 'seconds': 43}","{'minutes': 0, 'seconds': 54}",5,20,PUNT,True,7,3,7,3
40175463815,401754638,Pittsburgh,ACC,West Virginia,Big 12,15,False,2,90,90,"{'minutes': 0, 'seconds': 43}",2,87,87,"{'minutes': 0, 'seconds': 13}","{'minutes': 0, 'seconds': 30}",3,3,PUNT,False,3,7,3,7
40175463816,401754638,West Virginia,Big 12,Pittsburgh,ACC,16,False,2,31,69,"{'minutes': 0, 'seconds': 13}",2,58,42,"{'minutes': 0, 'seconds': 0}","{'minutes': 0, 'seconds': 13}",1,42,END OF HALF,True,7,3,7,3
40175463817,401754638,West Virginia,Big 12,Pittsburgh,ACC,17,False,3,9,91,"{'minutes': 14, 'seconds': 55}",3,11,89,"{'minutes': 13, 'seconds': 56}","{'minutes': 0, 'seconds': 59}",3,2,PUNT,True,7,3,7,3
40175463818,401754638,Pittsburgh,ACC,West Virginia,Big 12,18,False,3,55,55,"{'minutes': 13, 'seconds': 56}",3,42,42,"{'minutes': 11, 'seconds': 35}","{'minutes': 2, 'seconds': 21}",5,13,PUNT,False,3,7,3,7
40175463819,401754638,West Virginia,Big 12,Pittsburgh,ACC,19,True,3,20,80,"{'minutes': 11, 'seconds': 35}",3,100,0,"{'minutes': 8, 'seconds': 27}","{'minutes': 3, 'seconds': 8}",7,80,TD,True,7,3,14,3
40175463820,401754638,Pittsburgh,ACC,West Virginia,Big 12,20,True,3,75,75,"{'minutes': 8, 'seconds': 27}",3,0,0,"{'minutes': 6, 'seconds': 16}","{'minutes': 2, 'seconds': 11}",5,75,TD,False,3,14,11,14
40175463821,401754638,West Virginia,Big 12,Pittsburgh,ACC,21,False,3,25,75,"{'minutes': 6, 'seconds': 16}",3,28,72,"{'minutes': 5, 'seconds': 29}","{'minutes': 0, 'seconds': 47}",2,3,INT,True,14,13,14,13
40175463822,401754638,Pittsburgh,ACC,West Virginia,Big 12,22,True,3,14,14,"{'minutes': 5, 'seconds': 29}",3,28,28,"{'minutes': 3, 'seconds': 30}","{'minutes': 1, 'seconds': 59}",4,-14,FG,False,13,14,14,14
40175463823,401754638,West Virginia,Big 12,Pittsburgh,ACC,23,False,3,25,75,"{'minutes': 3, 'seconds': 30}",3,21,79,"{'minutes': 2, 'seconds': 23}","{'minutes': 1, 'seconds': 7}",3,-4,INT,True,14,14,14,14
40175463824,401754638,Pittsburgh,ACC,West Virginia,Big 12,24,True,3,24,24,"{'minutes': 2, 'seconds': 23}",4,18,18,"{'minutes': 14, 'seconds': 56}","{'minutes': 2, 'seconds': 27}",4,6,FG,False,14,14,17,14
40175463825,401754638,West Virginia,Big 12,Pittsburgh,ACC,25,False,4,25,75,"{'minutes': 14, 'seconds': 56}",4,47,53,"{'minutes': 11, 'seconds': 26}","{'minutes': 3, 'seconds': 30}",8,22,DOWNS,True,14,17,14,17
40175463826,401754638,Pittsburgh,ACC,West Virginia,Big 12,26,True,4,47,47,"{'minutes': 11, 'seconds': 26}",4,0,0,"{'minutes': 9, 'seconds': 23}","{'minutes': 2, 'seconds': 3}",6,47,TD,False,17,14,24,14
40175463827,401754638,West Virginia,Big 12,Pittsburgh,ACC,27,True,4,25,75,"{'minutes': 9, 'seconds': 23}",4,97,3,"{'minutes': 5, 'seconds': 3}","{'minutes': 4, 'seconds': 20}",12,72,FG,True,14,24,17,24
40175463828,401754638,Pittsburgh,ACC,West Virginia,Big 12,28,False,4,75,75,"{'minutes': 5, 'seconds': 2}",4,42,42,"{'minutes': 2, 'seconds': 47}","{'minutes': 2, 'seconds': 15}",5,33,PUNT,False,24,17,24,17
40175463829,401754638,West Virginia,Big 12,Pittsburgh,ACC,29,True,4,13,87,"{'minutes': 2, 'seconds': 47}",4,100,0,"{'minutes': 0, 'seconds': 11}","{'minutes': 2, 'seconds': 36}",13,87,TD,True,17,24,24,24
40175463830,401754638,Pittsburgh,ACC,West Virginia,Big 12,30,False,4,88,88,"{'minutes': 0, 'seconds': 7}",4,89,89,"{'minutes': 0, 'seconds': 0}","{'minutes': 0, 'seconds': 7}",1,-1,END OF GAME,False,24,24,24,24
40175463831,401754638,West Virginia,Big 12,Pittsburgh,ACC,31,True,5,75,25,"{'minutes': 0, 'seconds': 0}",5,100,0,"{'minutes': 0, 'seconds': 0}","{'minutes': 0, 'seconds': 0}",8,25,TD,True,0,0,31,24
4017568781,401756878,Robert Morris,NEC,West Virginia,Big 12,1,False,1,62,62,"{'minutes': 14, 'seconds': 55}",1,56,56,"{'minutes': 13, 'seconds': 37}","{'minutes': 1, 'seconds': 18}",3,6,PUNT,False,0,0,0,0
4017568782,401756878,West Virginia,Big 12,Robert Morris,NEC,2,True,1,17,83,"{'minutes': 13, 'seconds': 37}",1,100,0,"{'minutes': 10, 'seconds': 15}","{'minutes': 3, 'seconds': 22}",10,83,TD,True,0,0,7,0
4017568783,401756878,Robert Morris,NEC,West Virginia,Big 12,3,False,1,75,75,"{'minutes': 10, 'seconds': 10}",1,50,50,"{'minutes': 5, 'seconds': 5}","{'minutes': 5, 'seconds': 5}",9,25,PUNT,False,0,7,0,7
4017568784,401756878,West Virginia,Big 12,Robert Morris,NEC,4,False,1,15,85,"{'minutes': 5, 'seconds': 5}",1,23,77,"{'minutes': 3, 'seconds': 46}","{'minutes': 1, 'seconds': 19}",3,8,PUNT,True,7,0,7,0
4017568785,401756878,Robert Morris,NEC,West Virginia,Big 12,5,False,1,65,65,"{'minutes': 3, 'seconds': 46}",1,64,64,"{'minutes': 1, 'seconds': 35}","{'minutes': 2, 'seconds': 11}",3,1,PUNT,False,0,7,0,7
4017568786,401756878,West Virginia,Big 12,Robert Morris,NEC,6,True,1,16,84,"{'minutes': 1, 'seconds': 35}",2,91,9,"{'minutes': 11, 'seconds': 44}","{'minutes': 4, 'seconds': 51}",13,75,FG,True,7,0,10,0
4017568787,401756878,Robert Morris,NEC,West Virginia,Big 12,7,False,2,75,75,"{'minutes': 11, 'seconds': 44}",2,52,52,"{'minutes': 9, 'seconds': 17}","{'minutes': 2, 'seconds': 27}",5,23,FUMBLE,False,0,10,0,10
4017568788,401756878,West Virginia,Big 12,Robert Morris,NEC,8,False,2,52,48,"{'minutes': 9, 'seconds': 17}",2,0,100,"{'minutes': 8, 'seconds': 8}","{'minutes': 1, 'seconds': 9}",4,48,FUMBLE,True,10,0,10,0
4017568789,401756878,Robert Morris,NEC,West Virginia,Big 12,9,False,2,80,80,"{'minutes': 8, 'seconds': 8}",2,69,69,"{'minutes': 5, 'seconds': 38}","{'minutes': 2, 'seconds': 30}",5,11,PUNT,False,0,10,0,10
40175687810,401756878,West Virginia,Big 12,Robert Morris,NEC,10,False,2,18,82,"{'minutes': 5, 'seconds': 38}",2,36,64,"{'minutes': 4, 'seconds': 51}","{'minutes': 0, 'seconds': 47}",2,18,FUMBLE,True,10,0,10,0
40175687811,401756878,Robert Morris,NEC,West Virginia,Big 12,11,True,2,36,36,"{'minutes': 4, 'seconds': 51}",2,18,18,"{'minutes': 3, 'seconds': 8}","{'minutes': 1, 'seconds': 43}",5,18,FG,False,0,10,3,10
40175687812,401756878,West Virginia,Big 12,Robert Morris,NEC,12,False,2,40,60,"{'minutes': 3, 'seconds': 2}",2,51,49,"{'minutes': 2, 'seconds': 54}","{'minutes': 0, 'seconds': 8}",1,11,FUMBLE,True,10,3,10,3
40175687813,401756878,Robert Morris,NEC,West Virginia,Big 12,13,False,2,51,51,"{'minutes': 2, 'seconds': 54}",2,59,59,"{'minutes': 1, 'seconds': 46}","{'minutes': 1, 'seconds': 8}",3,-8,PUNT,False,3,10,3,10
40175687814,401756878,West Virginia,Big 12,Robert Morris,NEC,14,False,2,41,59,"{'minutes': 1, 'seconds': 46}",2,32,68,"{'minutes': 1, 'seconds': 11}","{'minutes': 0, 'seconds': 35}",3,-9,PUNT,True,10,3,10,3
40175687815,401756878,Robert Morris,NEC,West Virginia,Big 12,15,False,2,65,65,"{'minutes': 1, 'seconds': 11}",2,65,65,"{'minutes': 0, 'seconds': 0}","{'minutes': 1, 'seconds': 11}",2,0,END OF HALF,False,3,10,3,10
40175687816,401756878,West Virginia,Big 12,Robert Morris,NEC,16,True,3,36,64,"{'minutes': 14, 'seconds': 54}",3,100,0,"{'minutes': 11, 'seconds': 21}","{'minutes': 3, 'seconds': 33}",9,64,TD,True,10,3,17,3
40175687817,401756878,Robert Morris,NEC,West Virginia,Big 12,17,False,3,82,82,"{'minutes': 11, 'seconds': 18}",3,85,85,"{'minutes': 10, 'seconds': 15}","{'minutes': 1, 'seconds': 3}",3,-3,PUNT,False,3,17,3,17
40175687818,401756878,West Virginia,Big 12,Robert Morris,NEC,18,False,3,49,51,"{'minutes': 10, 'seconds': 15}",3,50,50,"{'minutes': 8, 'seconds': 45}","{'minutes': 1, 'seconds': 30}",3,1,PUNT,True,17,3,17,3
40175687819,401756878,Robert Morris,NEC,West Virginia,Big 12,19,False,3,88,88,"{'minutes': 8, 'seconds': 45}",3,76,76,"{'minutes': 6, 'seconds': 12}","{'minutes': 2, 'seconds': 33}",4,12,FUMBLE,False,3,17,3,17
40175687820,401756878,West Virginia,Big 12,Robert Morris,NEC,20,True,3,76,24,"{'minutes': 6, 'seconds': 12}",3,100,0,"{'minutes': 5, 'seconds': 21}","{'minutes': 0, 'seconds': 51}",3,24,TD,True,17,3,24,3
40175687821,401756878,Robert Morris,NEC,West Virginia,Big 12,21,False,3,75,75,"{'minutes': 5, 'seconds': 21}",3,52,52,"{'minutes': 2, 'seconds': 16}","{'minutes': 3, 'seconds': 5}",6,23,PUNT,False,3,24,3,24
40175687822,401756878,West Virginia,Big 12,Robert Morris,NEC,22,True,3,19,81,"{'minutes': 2, 'seconds': 16}",4,100,0,"{'minutes': 13, 'seconds': 52}","{'minutes': 3, 'seconds': 24}",10,81,TD,True,24,3,31,3
40175687823,401756878,Robert Morris,NEC,West Virginia,Big 12,23,False,4,90,90,"{'minutes': 13, 'seconds': 47}",4,87,87,"{'minutes': 12, 'seconds': 7}","{'minutes': 1, 'seconds': 40}",3,3,PUNT,False,3,31,3,31
40175687824,401756878,West Virginia,Big 12,Robert Morris,NEC,24,True,4,46,54,"{'minutes': 12, 'seconds': 7}",4,100,0,"{'minutes': 10, 'seconds': 16}","{'minutes': 1, 'seconds': 51}",4,54,TD,True,31,3,38,3
40175687825,401756878,Robert Morris,NEC,West Virginia,Big 12,25,False,4,75,75,"{'minutes': 10, 'seconds': 16}",4,81,81,"{'minutes': 8, 'seconds': 14}","{'minutes': 2, 'seconds': 2}",3,-6,PUNT,False,3,38,3,38
40175687826,401756878,West Virginia,Big 12,Robert Morris,NEC,26,False,4,48,52,"{'minutes': 8, 'seconds': 14}",4,74,26,"{'minutes': 6, 'seconds': 29}","{'minutes': 1, 'seconds': 45}",6,26,DOWNS,True,38,3,38,3
40175687827,401756878,Robert Morris,NEC,West Virginia,Big 12,27,False,4,74,74,"{'minutes': 6, 'seconds': 29}",4,65,65,"{'minutes': 4, 'seconds': 15}","{'minutes': 2, 'seconds': 14}",3,9,PUNT,False,3,38,3,38
40175687828,401756878,West Virginia,Big 12,Robert Morris,NEC,28,True,4,29,71,"{'minutes': 4, 'seconds': 15}",4,100,0,"{'minutes': 3, 'seconds': 15}","{'minutes': 1, 'seconds': 0}",3,71,TD,True,38,3,45,3
40175687829,401756878,Robert Morris,NEC,West Virginia,Big 12,29,False,4,75,75,"{'minutes': 3, 'seconds': 15}",4,66,66,"{'minutes': 1, 'seconds': 13}","{'minutes': 2, 'seconds': 2}",3,9,PUNT,False,3,45,3,45
40175687830,401756878,West Virginia,Big 12,Robert Morris,NEC,30,False,4,25,75,"{'minutes': 1, 'seconds': 13}",4,66,34,"{'minutes': 0, 'seconds': 0}","{'minutes': 1, 'seconds': 13}",3,41,FUMBLE,True,45,3,45,3
4017568831,401756883,Ohio,Mid-American,West Virginia,Big 12,1,False,1,25,75,"{'minutes': 15, 'seconds': 0}",1,27,73,"{'minutes': 12, 'seconds': 56}","{'minutes': 2, 'seconds': 4}",3,2,PUNT,True,0,0,0,0
4017568832,401756883,West Virginia,Big 12,Ohio,Mid-American,2,False,1,69,69,"{'minutes': 12, 'seconds': 56}",1,57,57,"{'minutes': 11, 'seconds': 29}","{'minutes': 1, 'seconds': 27}",4,12,PUNT,False,0,0,0,0
4017568833,401756883,Ohio,Mid-American,West Virginia,Big 12,3,False,1,3,97,"{'minutes': 11, 'seconds': 29}",1,45,55,"{'minutes': 5, 'seconds': 33}","{'minutes': 5, 'seconds': 56}",10,42,PUNT,True,0,0,0,0
4017568834,401756883,West Virginia,Big 12,Ohio,Mid-American,4,True,1,89,89,"{'minutes': 5, 'seconds': 33}",1,0,0,"{'minutes': 3, 'seconds': 22}","{'minutes': 2, 'seconds': 11}",6,89,TD,False,0,0,7,0
4017568835,401756883,Ohio,Mid-American,West Virginia,Big 12,5,True,1,20,80,"{'minutes': 3, 'seconds': 17}",1,80,20,"{'minutes': 1, 'seconds': 7}","{'minutes': 2, 'seconds': 10}",6,60,FG,True,0,7,3,7
4017568836,401756883,West Virginia,Big 12,Ohio,Mid-American,6,False,1,73,73,"{'minutes': 1, 'seconds': 3}",2,69,69,"{'minutes': 14, 'seconds': 47}","{'minutes': 1, 'seconds': 16}",3,4,PUNT,False,7,3,7,3
4017568837,401756883,Ohio,Mid-American,West Virginia,Big 12,7,False,2,38,62,"{'minutes': 14, 'seconds': 47}",2,79,21,"{'minutes': 9, 'seconds': 53}","{'minutes': 4, 'seconds': 54}",9,41,MISSED FG,True,3,7,3,7
4017568838,401756883,West Virginia,Big 12,Ohio,Mid-American,8,False,2,79,79,"{'minutes': 9, 'seconds': 53}",2,73,73,"{'minutes': 8, 'seconds': 36}","{'minutes': 1, 'seconds': 17}",3,6,PUNT,False,7,3,7,3
4017568839,401756883,Ohio,Mid-American,West Virginia,Big 12,9,True,2,29,71,"{'minutes': 8, 'seconds': 36}",2,100,0,"{'minutes': 2, 'seconds': 36}","{'minutes': 6, 'seconds': 0}",12,71,TD,True,3,7,10,7
40175688310,401756883,West Virginia,Big 12,Ohio,Mid-American,10,False,2,82,82,"{'minutes': 2, 'seconds': 31}",2,67,67,"{'minutes': 1, 'seconds': 44}","{'minutes': 0, 'seconds': 47}",3,15,PUNT,False,7,10,7,10
40175688311,401756883,Ohio,Mid-American,West Virginia,Big 12,11,True,2,26,74,"{'minutes': 1, 'seconds': 44}",2,100,0,"{'minutes': 1, 'seconds': 19}","{'minutes': 0, 'seconds': 25}",3,74,TD,True,10,7,17,7
40175688312,401756883,West Virginia,Big 12,Ohio,Mid-American,12,False,2,75,75,"{'minutes': 1, 'seconds': 19}",2,56,56,"{'minutes': 0, 'seconds': 21}","{'minutes': 0, 'seconds': 58}",5,19,PUNT,False,7,17,7,17
40175688313,401756883,Ohio,Mid-American,West Virginia,Big 12,13,False,2,21,79,"{'minutes': 0, 'seconds': 21}",2,21,79,"{'minutes': 0, 'seconds': 0}","{'minutes': 0, 'seconds': 21}",1,0,END OF HALF,True,17,7,17,7
40175688314,401756883,West Virginia,Big 12,Ohio,Mid-American,14,True,3,70,70,"{'minutes': 14, 'seconds': 55}",3,19,19,"{'minutes': 12, 'seconds': 31}","{'minutes': 2, 'seconds': 24}",7,51,FG,False,7,17,10,17
40175688315,401756883,Ohio,Mid-American,West Virginia,Big 12,15,False,3,35,65,"{'minutes': 12, 'seconds': 31}",3,76,24,"{'minutes': 9, 'seconds': 26}","{'minutes': 3, 'seconds': 5}",6,41,INT,True,17,10,17,10
40175688316,401756883,West Virginia,Big 12,Ohio,Mid-American,16,False,3,49,49,"{'minutes': 9, 'seconds': 26}",3,49,49,"{'minutes': 8, 'seconds': 10}","{'minutes': 1, 'seconds': 16}",3,0,PUNT,False,10,17,10,17
40175688317,401756883,Ohio,Mid-American,West Virginia,Big 12,17,False,3,19,81,"{'minutes': 8, 'seconds': 10}",3,64,36,"{'minutes': 1, 'seconds': 49}","{'minutes': 6, 'seconds': 21}",13,45,INT,True,17,10,17,10
40175688318,401756883,West Virginia,Big 12,Ohio,Mid-American,18,False,3,59,59,"{'minutes': 1, 'seconds': 49}",3,52,52,"{'minutes': 0, 'seconds': 16}","{'minutes': 1, 'seconds': 33}",3,7,PUNT,False,10,17,10,17
40175688319,401756883,Ohio,Mid-American,West Virginia,Big 12,19,False,3,20,80,"{'minutes': 0, 'seconds': 16}",4,43,57,"{'minutes': 13, 'seconds': 42}","{'minutes': 1, 'seconds': 34}",4,23,INT,True,17,10,17,10
40175688320,401756883,West Virginia,Big 12,Ohio,Mid-American,20,False,4,49,49,"{'minutes': 13, 'seconds': 42}",4,63,63,"{'minutes': 12, 'seconds': 29}","{'minutes': 1, 'seconds': 13}",3,-14,PUNT,False,10,17,10,17
40175688321,401756883,Ohio,Mid-American,West Virginia,Big 12,21,False,4,23,77,"{'minutes': 12, 'seconds': 29}",4,29,71,"{'minutes': 10, 'seconds': 8}","{'minutes': 2, 'seconds': 21}",4,6,PUNT,True,17,10,17,10
40175688322,401756883,West Virginia,Big 12,Ohio,Mid-American,22,False,4,71,71,"{'minutes': 10, 'seconds': 8}",4,34,34,"{'minutes': 8, 'seconds': 21}","{'minutes': 1, 'seconds': 47}",7,37,DOWNS,False,10,17,10,17
40175688323,401756883,Ohio,Mid-American,West Virginia,Big 12,23,False,4,34,66,"{'minutes': 8, 'seconds': 21}",4,38,62,"{'minutes': 6, 'seconds': 18}","{'minutes': 2, 'seconds': 3}",3,4,PUNT,True,17,10,17,10
40175688324,401756883,West Virginia,Big 12,Ohio,Mid-American,24,False,4,66,66,"{'minutes': 6, 'seconds': 18}",4,77,77,"{'minutes': 0, 'seconds': 0}","{'minutes': 0, 'seconds': 0}",5,11,Uncategorized,False,10,17,10,17
40175688325,401756883,West Virginia,Big 12,Ohio,Mid-American,25,False,0,59,59,"{'minutes': 0, 'seconds': 0}",4,46,46,"{'minutes': 3, 'seconds': 13}","{'minutes': 0, 'seconds': 0}",2,9,INT,False,10,17,10,17
40175688326,401756883,Ohio,Mid-American,West Virginia,Big 12,26,False,4,53,47,"{'minutes': 3, 'seconds': 13}",4,73,27,"{'minutes': 0, 'seconds': 17}","{'minutes': 2, 'seconds': 56}",7,20,DOWNS,True,17,10,17,10
40175688327,401756883,West Virginia,Big 12,Ohio,Mid-American,27,False,4,73,73,"{'minutes': 0, 'seconds': 17}",4,66,66,"{'minutes': 0, 'seconds': 0}","{'minutes': 0, 'seconds': 17}",3,7,END OF GAME,False,10,17,10,17
4017568991,401756899,West Virginia,Big 12,Kansas,Big 12,1,False,1,75,75,"{'minutes': 15, 'seconds': 0}",1,70,70,"{'minutes': 13, 'seconds': 24}","{'minutes': 1, 'seconds': 36}",3,5,PUNT,False,0,0,0,0
4017568992,401756899,Kansas,Big 12,West Virginia,Big 12,2,True,1,50,50,"{'minutes': 13, 'seconds': 24}",1,100,0,"{'minutes': 11, 'seconds': 57}","{'minutes': 1, 'seconds': 27}",4,50,TD,True,0,0,7,0
4017568993,401756899,West Virginia,Big 12,Kansas,Big 12,3,False,1,75,75,"{'minutes': 11, 'seconds': 57}",1,60,60,"{'minutes': 10, 'seconds': 6}","{'minutes': 1, 'seconds': 51}",5,15,PUNT,False,0,7,0,7
4017568994,401756899,Kansas,Big 12,West Virginia,Big 12,4,False,1,25,75,"{'minutes': 10, 'seconds': 6}",1,45,55,"{'minutes': 6, 'seconds': 43}","{'minutes': 3, 'seconds': 23}",6,20,PUNT,True,7,0,7,0
4017568995,401756899,West Virginia,Big 12,Kansas,Big 12,5,False,1,92,92,"{'minutes': 6, 'seconds': 43}",1,94,94,"{'minutes': 5, 'seconds': 19}","{'minutes': 1, 'seconds': 24}",3,-2,PUNT,False,0,7,0,7
4017568996,401756899,Kansas,Big 12,West Virginia,Big 12,6,False,1,47,53,"{'minutes': 5, 'seconds': 19}",1,44,56,"{'minutes': 4, 'seconds': 21}","{'minutes': 0, 'seconds': 58}",3,-3,PUNT,True,7,0,7,0
4017568997,401756899,West Virginia,Big 12,Kansas,Big 12,7,False,1,83,83,"{'minutes': 4, 'seconds': 21}",1,77,77,"{'minutes': 3, 'seconds': 19}","{'minutes': 1, 'seconds': 2}",3,6,PUNT,False,0,7,0,7
4017568998,401756899,Kansas,Big 12,West Virginia,Big 12,8,False,1,34,66,"{'minutes': 3, 'seconds': 19}",1,29,71,"{'minutes': 1, 'seconds': 17}","{'minutes': 2, 'seconds': 2}",3,-5,PUNT,True,7,0,7,0
4017568999,401756899,West Virginia,Big 12,Kansas,Big 12,9,False,1,80,80,"{'minutes': 1, 'seconds': 17}",1,78,78,"{'minutes': 0, 'seconds': 0}","{'minutes': 1, 'seconds': 17}",3,2,PUNT,False,0,7,0,7
40175689910,401756899,Kansas,Big 12,West Virginia,Big 12,10,True,2,39,61,"{'minutes': 15, 'seconds': 0}",2,77,23,"{'minutes': 10, 'seconds': 25}","{'minutes': 4, 'seconds': 35}",10,38,FG,True,7,0,10,0
40175689911,401756899,West Virginia,Big 12,Kansas,Big 12,11,False,2,75,75,"{'minutes': 10, 'seconds': 25}",2,47,47,"{'minutes': 8, 'seconds': 38}","{'minutes': 1, 'seconds': 47}",6,28,PUNT,False,0,10,0,10
40175689912,401756899,Kansas,Big 12,West Virginia,Big 12,12,False,2,8,92,"{'minutes': 8, 'seconds': 38}",2,10,90,"{'minutes': 7, 'seconds': 3}","{'minutes': 1, 'seconds': 35}",3,2,PUNT,True,10,0,10,0
40175689913,401756899,West Virginia,Big 12,Kansas,Big 12,13,True,2,57,57,"{'minutes': 7, 'seconds': 3}",2,8,8,"{'minutes': 3, 'seconds': 43}","{'minutes': 3, 'seconds': 20}",9,49,FG,False,0,10,3,10
40175689914,401756899,Kansas,Big 12,West Virginia,Big 12,14,True,2,44,56,"{'minutes': 3, 'seconds': 35}",2,100,0,"{'minutes': 2, 'seconds': 11}","{'minutes': 1, 'seconds': 24}",3,56,TD,True,10,3,17,3
40175689915,401756899,West Virginia,Big 12,Kansas,Big 12,15,False,2,75,75,"{'minutes': 2, 'seconds': 11}",2,37,37,"{'minutes': 0, 'seconds': 40}","{'minutes': 1, 'seconds': 31}",9,38,DOWNS,False,3,17,3,17
40175689916,401756899,Kansas,Big 12,West Virginia,Big 12,16,True,2,37,63,"{'minutes': 0, 'seconds': 40}",2,75,25,"{'minutes': 0, 'seconds': 0}","{'minutes': 0, 'seconds': 40}",7,38,FG,True,17,3,27,3
40175689917,401756899,West Virginia,Big 12,Kansas,Big 12,17,False,3,75,75,"{'minutes': 14, 'seconds': 48}",3,83,83,"{'minutes': 13, 'seconds': 43}","{'minutes': 1, 'seconds': 5}",3,-8,PUNT,False,3,27,3,27
40175689918,401756899,Kansas,Big 12,West Virginia,Big 12,18,True,3,31,69,"{'minutes': 13, 'seconds': 43}",3,100,0,"{'minutes': 6, 'seconds': 43}","{'minutes': 7, 'seconds': 0}",12,69,TD,True,27,3,34,3
40175689919,401756899,West Virginia,Big 12,Kansas,Big 12,19,False,3,75,75,"{'minutes': 6, 'seconds': 43}",3,63,63,"{'minutes': 5, 'seconds': 43}","{'minutes': 1, 'seconds': 0}",4,12,INT,False,3,34,3,34
40175689920,401756899,Kansas,Big 12,West Virginia,Big 12,20,False,3,86,14,"{'minutes': 5, 'seconds': 43}",3,95,5,"{'minutes': 3, 'seconds': 39}","{'minutes': 2, 'seconds': 4}",4,9,DOWNS,True,34,3,34,3
40175689921,401756899,West Virginia,Big 12,Kansas,Big 12,21,True,3,95,95,"{'minutes': 3, 'seconds': 39}",4,0,0,"{'minutes': 14, 'seconds': 31}","{'minutes': 4, 'seconds': 8}",11,95,TD,False,3,34,10,34
40175689922,401756899,Kansas,Big 12,West Virginia,Big 12,22,True,4,25,75,"{'minutes': 14, 'seconds': 31}",4,100,0,"{'minutes': 12, 'seconds': 52}","{'minutes': 1, 'seconds': 39}",4,75,TD,True,34,10,41,10
40175689923,401756899,West Virginia,Big 12,Kansas,Big 12,23,False,4,75,75,"{'minutes': 12, 'seconds': 52}",4,62,62,"{'minutes': 11, 'seconds': 10}","{'minutes': 1, 'seconds': 42}",5,13,PUNT,False,10,41,10,41
40175689924,401756899,Kansas,Big 12,West Virginia,Big 12,24,False,4,17,83,"{'minutes': 11, 'seconds': 10}",4,38,62,"{'minutes': 8, 'seconds': 5}","{'minutes': 3, 'seconds': 5}",5,21,PUNT,True,41,10,41,10
40175689925,401756899,West Virginia,Big 12,Kansas,Big 12,25,False,4,74,74,"{'minutes': 8, 'seconds': 5}",4,22,22,"{'minutes': 5, 'seconds': 32}","{'minutes': 2, 'seconds': 33}",5,52,FUMBLE,False,10,41,10,41
40175689926,401756899,Kansas,Big 12,West Virginia,Big 12,26,False,4,22,78,"{'minutes': 5, 'seconds': 32}",4,40,60,"{'minutes': 1, 'seconds': 54}","{'minutes': 3, 'seconds': 38}",5,18,PUNT,True,41,10,41,10
40175689927,401756899,West Virginia,Big 12,Kansas,Big 12,27,False,4,87,87,"{'minutes': 1, 'seconds': 54}",4,68,68,"{'minutes': 0, 'seconds': 0}","{'minutes': 1, 'seconds': 54}",4,19,END OF GAME,False,10,41,10,41
4017569081,401756908,West Virginia,Big 12,Utah,Big 12,1,False,1,25,75,"{'minutes': 15, 'seconds': 0}",1,49,51,"{'minutes': 11, 'seconds': 56}","{'minutes': 3, 'seconds': 4}",6,24,PUNT,True,0,0,0,0
4017569082,401756908,Utah,Big 12,West Virginia,Big 12,2,True,1,73,73,"{'minutes': 11, 'seconds': 56}",1,0,0,"{'minutes': 7, 'seconds': 16}","{'minutes': 4, 'seconds': 40}",12,73,TD,False,0,0,7,0
4017569083,401756908,West Virginia,Big 12,Utah,Big 12,3,False,1,25,75,"{'minutes': 7, 'seconds': 16}",1,31,69,"{'minutes': 6, 'seconds': 7}","{'minutes': 1, 'seconds': 9}",3,6,PUNT,True,0,7,0,7
4017569084,401756908,Utah,Big 12,West Virginia,Big 12,4,True,1,65,65,"{'minutes': 6, 'seconds': 7}",1,0,0,"{'minutes': 1, 'seconds': 33}","{'minutes': 4, 'seconds': 34}",11,65,TD,False,7,0,14,0
4017569085,401756908,West Virginia,Big 12,Utah,Big 12,5,False,1,25,75,"{'minutes': 1, 'seconds': 33}",2,58,42,"{'minutes': 14, 'seconds': 15}","{'minutes': 2, 'seconds': 18}",7,33,DOWNS,True,0,14,0,14
4017569086,401756908,Utah,Big 12,West Virginia,Big 12,6,True,2,58,58,"{'minutes': 14, 'seconds': 15}",2,0,0,"{'minutes': 11, 'seconds': 32}","{'minutes': 2, 'seconds': 43}",6,58,TD,False,14,0,21,0
4017569087,401756908,West Virginia,Big 12,Utah,Big 12,7,False,2,25,75,"{'minutes': 11, 'seconds': 32}",2,43,57,"{'minutes': 8, 'seconds': 46}","{'minutes': 2, 'seconds': 46}",7,18,DOWNS,True,0,21,0,21
4017569088,401756908,Utah,Big 12,West Virginia,Big 12,8,False,2,43,43,"{'minutes': 8, 'seconds': 46}",2,43,43,"{'minutes': 8, 'seconds': 40}","{'minutes': 0, 'seconds': 6}",1,0,INT,False,21,0,21,0
4017569089,401756908,West Virginia,Big 12,Utah,Big 12,9,False,2,20,80,"{'minutes': 8, 'seconds': 40}",2,39,61,"{'minutes': 4, 'seconds': 56}","{'minutes': 3, 'seconds': 44}",7,19,PUNT,True,0,21,0,21
40175690810,401756908,Utah,Big 12,West Virginia,Big 12,10,True,2,94,94,"{'minutes': 4, 'seconds': 56}",2,0,0,"{'minutes': 0, 'seconds': 13}","{'minutes': 4, 'seconds': 43}",15,94,TD,False,21,0,28,0
40175690811,401756908,West Virginia,Big 12,Utah,Big 12,11,False,2,25,75,"{'minutes': 0, 'seconds': 13}",2,30,70,"{'minutes': 0, 'seconds': 0}","{'minutes': 0, 'seconds': 13}",1,5,END OF HALF,True,0,28,0,28
40175690812,401756908,Utah,Big 12,West Virginia,Big 12,12,True,3,63,63,"{'minutes': 14, 'seconds': 57}",3,0,0,"{'minutes': 10, 'seconds': 42}","{'minutes': 4, 'seconds': 15}",10,63,TD,False,28,0,35,0
40175690813,401756908,West Virginia,Big 12,Utah,Big 12,13,True,3,25,75,"{'minutes': 10, 'seconds': 42}",3,100,0,"{'minutes': 7, 'seconds': 28}","{'minutes': 3, 'seconds': 14}",8,75,TD,True,0,35,7,35
40175690814,401756908,Utah,Big 12,West Virginia,Big 12,14,True,3,75,75,"{'minutes': 7, 'seconds': 28}",3,15,15,"{'minutes': 5, 'seconds': 18}","{'minutes': 2, 'seconds': 10}",5,60,FG,False,35,7,38,7
40175690815,401756908,West Virginia,Big 12,Utah,Big 12,15,False,3,25,75,"{'minutes': 5, 'seconds': 18}",3,76,24,"{'minutes': 1, 'seconds': 14}","{'minutes': 4, 'seconds': 4}",11,51,DOWNS,True,7,38,7,38
40175690816,401756908,Utah,Big 12,West Virginia,Big 12,16,True,3,76,76,"{'minutes': 1, 'seconds': 14}",4,15,15,"{'minutes': 10, 'seconds': 46}","{'minutes': 5, 'seconds': 28}",9,61,FG,False,38,7,41,7
40175690817,401756908,West Virginia,Big 12,Utah,Big 12,17,True,4,25,75,"{'minutes': 10, 'seconds': 46}",4,100,0,"{'minutes': 7, 'seconds': 59}","{'minutes': 2, 'seconds': 47}",5,75,TD,True,7,41,14,41
40175690818,401756908,Utah,Big 12,West Virginia,Big 12,18,True,4,75,75,"{'minutes': 7, 'seconds': 59}",4,0,0,"{'minutes': 1, 'seconds': 56}","{'minutes': 6, 'seconds': 3}",10,75,TD,False,41,14,48,14
40175690819,401756908,West Virginia,Big 12,Utah,Big 12,19,False,4,25,75,"{'minutes': 1, 'seconds': 56}",4,65,35,"{'minutes': 0, 'seconds': 0}","{'minutes': 1, 'seconds': 56}",6,40,END OF GAME,True,14,48,14,48
4017569091,401756909,West Virginia,Big 12,BYU,Big 12,1,False,1,75,75,"{'minutes': 15, 'seconds': 0}",1,67,67,"{'minutes': 13, 'seconds': 23}","{'minutes': 1, 'seconds': 37}",3,8,PUNT,False,0,0,0,0
4017569092,401756909,BYU,Big 12,West Virginia,Big 12,2,False,1,13,87,"{'minutes': 13, 'seconds': 23}",1,70,30,"{'minutes': 9, 'seconds': 51}","{'minutes': 3, 'seconds': 32}",7,57,MISSED FG,True,0,0,0,0
4017569093,401756909,West Virginia,Big 12,BYU,Big 12,3,False,1,70,70,"{'minutes': 9, 'seconds': 51}",1,57,57,"{'minutes': 9, 'seconds': 19}","{'minutes': 0, 'seconds': 32}",3,13,INT,False,0,0,0,0
4017569094,401756909,BYU,Big 12,West Virginia,Big 12,4,True,1,99,1,"{'minutes': 9, 'seconds': 19}",1,100,0,"{'minutes': 9, 'seconds': 14}","{'minutes': 0, 'seconds': 5}",1,1,TD,True,7,0,7,0
4017569095,401756909,West Virginia,Big 12,BYU,Big 12,5,False,1,75,75,"{'minutes': 9, 'seconds': 14}",1,43,43,"{'minutes': 4, 'seconds': 57}","{'minutes': 4, 'seconds': 17}",10,32,DOWNS,False,0,7,0,7
4017569096,401756909,BYU,Big 12,West Virginia,Big 12,6,True,1,43,57,"{'minutes': 4, 'seconds': 57}",1,100,0,"{'minutes': 3, 'seconds': 41}","{'minutes': 1, 'seconds': 16}",3,57,TD,True,7,0,14,0
4017569097,401756909,West Virginia,Big 12,BYU,Big 12,7,True,1,75,75,"{'minutes': 3, 'seconds': 41}",2,27,27,"{'minutes': 14, 'seconds': 15}","{'minutes': 4, 'seconds': 26}",9,48,FG,False,0,14,3,14
4017569098,401756909,BYU,Big 12,West Virginia,Big 12,8,False,2,25,75,"{'minutes': 14, 'seconds': 15}",2,83,17,"{'minutes': 8, 'seconds': 19}","{'minutes': 5, 'seconds': 56}",11,58,INT,True,14,3,14,3
4017569099,401756909,West Virginia,Big 12,BYU,Big 12,9,False,2,63,63,"{'minutes': 8, 'seconds': 19}",2,53,53,"{'minutes': 6, 'seconds': 11}","{'minutes': 2, 'seconds': 8}",6,10,PUNT,False,3,14,3,14
40175690910,401756909,BYU,Big 12,West Virginia,Big 12,10,True,2,11,89,"{'minutes': 6, 'seconds': 11}",2,100,0,"{'minutes': 5, 'seconds': 17}","{'minutes': 0, 'seconds': 54}",2,89,TD,True,14,3,21,3
40175690911,401756909,West Virginia,Big 12,BYU,Big 12,11,False,2,75,75,"{'minutes': 5, 'seconds': 17}",2,56,56,"{'minutes': 2, 'seconds': 7}","{'minutes': 3, 'seconds': 10}",6,19,PUNT,False,3,21,3,21
40175690912,401756909,BYU,Big 12,West Virginia,Big 12,12,False,2,15,85,"{'minutes': 2, 'seconds': 7}",2,3,97,"{'minutes': 2, 'seconds': 2}","{'minutes': 0, 'seconds': 5}",1,-12,FUMBLE,True,21,3,21,3
40175690913,401756909,West Virginia,Big 12,BYU,Big 12,13,True,2,3,3,"{'minutes': 2, 'seconds': 2}",2,0,0,"{'minutes': 1, 'seconds': 58}","{'minutes': 0, 'seconds': 4}",1,3,TD,False,10,21,10,21
40175690914,401756909,BYU,Big 12,West Virginia,Big 12,14,True,2,27,73,"{'minutes': 1, 'seconds': 50}",2,100,0,"{'minutes': 0, 'seconds': 19}","{'minutes': 1, 'seconds': 31}",9,73,TD,True,21,10,28,10
40175690915,401756909,West Virginia,Big 12,BYU,Big 12,15,False,2,75,75,"{'minutes': 0, 'seconds': 19}",2,71,71,"{'minutes': 0, 'seconds': 0}","{'minutes': 0, 'seconds': 19}",1,4,END OF HALF,False,10,28,10,28
40175690916,401756909,BYU,Big 12,West Virginia,Big 12,16,True,3,26,74,"{'minutes': 14, 'seconds': 52}",3,81,19,"{'minutes': 6, 'seconds': 53}","{'minutes': 7, 'seconds': 59}",15,55,FG,True,28,10,31,10
40175690917,401756909,West Virginia,Big 12,BYU,Big 12,17,False,3,75,75,"{'minutes': 6, 'seconds': 53}",3,44,44,"{'minutes': 3, 'seconds': 49}","{'minutes': 3, 'seconds': 4}",7,31,INT,False,10,31,10,31
40175690918,401756909,BYU,Big 12,West Virginia,Big 12,18,False,3,4,96,"{'minutes': 3, 'seconds': 49}",3,22,78,"{'minutes': 2, 'seconds': 32}","{'minutes': 1, 'seconds': 17}",3,18,FUMBLE,True,31,10,31,10
40175690919,401756909,West Virginia,Big 12,BYU,Big 12,19,True,3,22,22,"{'minutes': 2, 'seconds': 32}",3,0,0,"{'minutes': 0, 'seconds': 37}","{'minutes': 1, 'seconds': 55}",5,22,TD,False,10,31,17,31
40175690920,401756909,BYU,Big 12,West Virginia,Big 12,20,True,3,25,75,"{'minutes': 0, 'seconds': 32}",4,100,0,"{'minutes': 8, 'seconds': 50}","{'minutes': 6, 'seconds': 42}",12,75,TD,True,31,17,38,17
40175690921,401756909,West Virginia,Big 12,BYU,Big 12,21,False,4,75,75,"{'minutes': 8, 'seconds': 50}",4,1,1,"{'minutes': 3, 'seconds': 8}","{'minutes': 5, 'seconds': 42}",12,74,DOWNS,False,17,38,17,38
40175690922,401756909,BYU,Big 12,West Virginia,Big 12,22,False,4,1,99,"{'minutes': 3, 'seconds': 8}",4,5,95,"{'minutes': 1, 'seconds': 50}","{'minutes': 1, 'seconds': 18}",3,4,PUNT,True,38,17,38,17
40175690923,401756909,West Virginia,Big 12,BYU,Big 12,23,True,4,54,54,"{'minutes': 1, 'seconds': 50}",4,0,0,"{'minutes': 1, 'seconds': 14}","{'minutes': 0, 'seconds': 36}",3,54,TD,False,17,38,24,38
40175690924,401756909,BYU,Big 12,West Virginia,Big 12,24,False,4,56,44,"{'minutes': 1, 'seconds': 13}",4,81,19,"{'minutes': 0, 'seconds': 0}","{'minutes': 1, 'seconds': 13}",2,25,END OF GAME,True,38,24,38,24
4017569281,401756928,West Virginia,Big 12,UCF,Big 12,1,False,1,75,75,"{'minutes': 15, 'seconds': 0}",1,64,64,"{'minutes': 13, 'seconds': 18}","{'minutes': 1, 'seconds': 42}",3,11,PUNT,False,0,0,0,0
4017569282,401756928,UCF,Big 12,West Virginia,Big 12,2,True,1,3,97,"{'minutes': 13, 'seconds': 18}",1,100,0,"{'minutes': 11, 'seconds': 33}","{'minutes': 1, 'seconds': 45}",6,97,TD,True,0,0,7,0
4017569283,401756928,West Virginia,Big 12,UCF,Big 12,3,False,1,65,65,"{'minutes': 11, 'seconds': 33}",1,32,32,"{'minutes': 8, 'seconds': 1}","{'minutes': 3, 'seconds': 32}",10,33,DOWNS,False,0,7,0,7
4017569284,401756928,UCF,Big 12,West Virginia,Big 12,4,True,1,32,68,"{'minutes': 8, 'seconds': 1}",1,100,0,"{'minutes': 4, 'seconds': 54}","{'minutes': 3, 'seconds': 7}",7,68,TD,True,7,0,14,0
4017569285,401756928,West Virginia,Big 12,UCF,Big 12,5,False,1,75,75,"{'minutes': 4, 'seconds': 54}",1,65,65,"{'minutes': 2, 'seconds': 48}","{'minutes': 2, 'seconds': 6}",4,10,PUNT,False,0,14,0,14
4017569286,401756928,UCF,Big 12,West Virginia,Big 12,6,False,1,30,70,"{'minutes': 2, 'seconds': 48}",1,39,61,"{'minutes': 0, 'seconds': 55}","{'minutes': 1, 'seconds': 53}",4,9,DOWNS,True,14,0,14,0
4017569287,401756928,West Virginia,Big 12,UCF,Big 12,7,True,1,39,39,"{'minutes': 0, 'seconds': 55}",2,0,0,"{'minutes': 14, 'seconds': 19}","{'minutes': 1, 'seconds': 36}",5,39,TD,False,0,14,7,14
4017569288,401756928,UCF,Big 12,West Virginia,Big 12,8,False,2,22,78,"{'minutes': 14, 'seconds': 15}",2,87,13,"{'minutes': 7, 'seconds': 44}","{'minutes': 6, 'seconds': 31}",12,65,DOWNS,True,14,7,14,7
4017569289,401756928,West Virginia,Big 12,UCF,Big 12,9,False,2,87,87,"{'minutes': 7, 'seconds': 44}",2,83,83,"{'minutes': 6, 'seconds': 21}","{'minutes': 1, 'seconds': 23}",3,4,PUNT,False,7,14,7,14
40175692810,401756928,UCF,Big 12,West Virginia,Big 12,10,False,2,44,56,"{'minutes': 6, 'seconds': 21}",2,52,48,"{'minutes': 4, 'seconds': 53}","{'minutes': 1, 'seconds': 28}",3,8,PUNT,True,14,7,14,7
40175692811,401756928,West Virginia,Big 12,UCF,Big 12,11,False,2,92,92,"{'minutes': 4, 'seconds': 53}",2,75,75,"{'minutes': 2, 'seconds': 11}","{'minutes': 2, 'seconds': 42}",5,17,PUNT,False,7,14,7,14
40175692812,401756928,UCF,Big 12,West Virginia,Big 12,12,False,2,37,63,"{'minutes': 2, 'seconds': 11}",2,40,60,"{'minutes': 1, 'seconds': 41}","{'minutes': 0, 'seconds': 30}",3,-12,PUNT,True,14,7,14,7
40175692813,401756928,West Virginia,Big 12,UCF,Big 12,13,False,2,68,68,"{'minutes': 1, 'seconds': 41}",2,26,26,"{'minutes': 0, 'seconds': 0}","{'minutes': 1, 'seconds': 41}",10,42,MISSED FG,False,7,14,7,14
40175692814,401756928,UCF,Big 12,West Virginia,Big 12,14,True,3,8,92,"{'minutes': 14, 'seconds': 55}",3,100,0,"{'minutes': 11, 'seconds': 53}","{'minutes': 3, 'seconds': 2}",9,92,TD,True,14,7,21,7
40175692815,401756928,West Virginia,Big 12,UCF,Big 12,15,True,3,75,75,"{'minutes': 11, 'seconds': 53}",3,68,68,"{'minutes': 10, 'seconds': 40}","{'minutes': 1, 'seconds': 13}",4,7,FUMBLE RETURN TD,False,7,21,7,28
40175692816,401756928,West Virginia,Big 12,UCF,Big 12,16,False,3,75,75,"{'minutes': 10, 'seconds': 40}",3,58,58,"{'minutes': 7, 'seconds': 55}","{'minutes': 2, 'seconds': 45}",6,17,PUNT,False,7,28,7,28
40175692817,401756928,UCF,Big 12,West Virginia,Big 12,17,False,3,4,96,"{'minutes': 7, 'seconds': 55}",3,49,51,"{'minutes': 5, 'seconds': 21}","{'minutes': 2, 'seconds': 34}",5,45,INT,True,28,7,28,7
40175692818,401756928,West Virginia,Big 12,UCF,Big 12,18,False,3,62,62,"{'minutes': 5, 'seconds': 21}",3,53,53,"{'minutes': 3, 'seconds': 1}","{'minutes': 2, 'seconds': 20}",7,9,PUNT,False,7,28,7,28
40175692819,401756928,UCF,Big 12,West Virginia,Big 12,19,True,3,15,85,"{'minutes': 3, 'seconds': 1}",3,100,0,"{'minutes': 2, 'seconds': 12}","{'minutes': 0, 'seconds': 49}",2,85,TD,True,28,7,35,7
40175692820,401756928,West Virginia,Big 12,UCF,Big 12,20,False,3,65,65,"{'minutes': 2, 'seconds': 11}",4,40,40,"{'minutes': 14, 'seconds': 53}","{'minutes': 2, 'seconds': 18}",9,25,DOWNS,False,7,35,7,35
40175692821,401756928,UCF,Big 12,West Virginia,Big 12,21,False,4,40,60,"{'minutes': 14, 'seconds': 53}",4,52,48,"{'minutes': 12, 'seconds': 39}","{'minutes': 2, 'seconds': 14}",4,12,PUNT,True,35,7,35,7
40175692822,401756928,West Virginia,Big 12,UCF,Big 12,22,False,4,85,85,"{'minutes': 12, 'seconds': 39}",4,91,91,"{'minutes': 11, 'seconds': 2}","{'minutes': 1, 'seconds': 37}",3,-6,PUNT,False,7,35,7,35
40175692823,401756928,UCF,Big 12,West Virginia,Big 12,23,True,4,68,32,"{'minutes': 11, 'seconds': 2}",4,67,33,"{'minutes': 9, 'seconds': 40}","{'minutes': 1, 'seconds': 22}",4,-1,FG,True,35,7,38,7
40175692824,401756928,West Virginia,Big 12,UCF,Big 12,24,False,4,75,75,"{'minutes': 9, 'seconds': 40}",4,69,69,"{'minutes': 8, 'seconds': 59}","{'minutes': 0, 'seconds': 41}",3,6,PUNT,False,7,38,7,38
40175692825,401756928,UCF,Big 12,West Virginia,Big 12,25,True,4,28,72,"{'minutes': 8, 'seconds': 59}",4,100,0,"{'minutes': 4, 'seconds': 17}","{'minutes': 4, 'seconds': 42}",10,72,TD,True,38,7,45,7
40175692826,401756928,West Virginia,Big 12,UCF,Big 12,26,False,4,75,75,"{'minutes': 4, 'seconds': 17}",4,69,69,"{'minutes': 3, 'seconds': 36}","{'minutes': 0, 'seconds': 41}",3,6,PUNT,False,7,45,7,45
40175692827,401756928,UCF,Big 12,West Virginia,Big 12,27,False,4,24,76,"{'minutes': 3, 'seconds': 36}",4,28,72,"{'minutes': 2, 'seconds': 21}","{'minutes': 1, 'seconds': 15}",3,4,INT,True,45,7,45,7
40175692828,401756928,West Virginia,Big 12,UCF,Big 12,28,True,4,1,1,"{'minutes': 2, 'seconds': 21}",4,0,0,"{'minutes': 1, 'seconds': 46}","{'minutes': 0, 'seconds': 35}",3,1,TD,False,7,45,13,45
40175692829,401756928,UCF,Big 12,West Virginia,Big 12,29,False,4,25,75,"{'minutes': 1, 'seconds': 46}",4,43,57,"{'minutes': 0, 'seconds': 0}","{'minutes': 1, 'seconds': 46}",4,18,END OF GAME,True,45,13,45,13
4017569352,401756935,West Virginia,Big 12,TCU,Big 12,1,False,1,10,90,"{'minutes': 14, 'seconds': 57}",1,10,90,"{'minutes': 13, 'seconds': 46}","{'minutes': 1, 'seconds': 11}",3,0,PUNT,True,0,0,0,0
4017569353,401756935,TCU,Big 12,West Virginia,Big 12,2,True,1,49,49,"{'minutes': 13, 'seconds': 32}",1,18,18,"{'minutes': 11, 'seconds': 35}","{'minutes': 2, 'seconds': 11}",5,31,FG,False,0,0,3,0
4017569355,401756935,West Virginia,Big 12,TCU,Big 12,3,False,1,25,75,"{'minutes': 11, 'seconds': 35}",1,34,66,"{'minutes': 10, 'seconds': 44}","{'minutes': 0, 'seconds': 51}",4,9,DOWNS,True,0,3,0,3
4017569356,401756935,TCU,Big 12,West Virginia,Big 12,4,False,1,34,34,"{'minutes': 10, 'seconds': 42}",1,44,44,"{'minutes': 9, 'seconds': 36}","{'minutes': 1, 'seconds': 16}",3,-10,PUNT,False,3,0,3,0
4017569357,401756935,West Virginia,Big 12,TCU,Big 12,5,False,1,20,80,"{'minutes': 9, 'seconds': 17}",1,29,71,"{'minutes': 7, 'seconds': 43}","{'minutes': 1, 'seconds': 45}",3,9,PUNT,True,0,3,0,3
4017569358,401756935,TCU,Big 12,West Virginia,Big 12,6,True,1,48,48,"{'minutes': 7, 'seconds': 38}",1,3,3,"{'minutes': 4, 'seconds': 31}","{'minutes': 3, 'seconds': 12}",7,48,TD,False,3,0,10,0
40175693510,401756935,West Virginia,Big 12,TCU,Big 12,7,False,1,25,75,"{'minutes': 4, 'seconds': 31}",2,78,22,"{'minutes': 14, 'seconds': 54}","{'minutes': 4, 'seconds': 37}",13,54,DOWNS,True,0,10,0,10
40175693511,401756935,TCU,Big 12,West Virginia,Big 12,8,False,2,79,79,"{'minutes': 14, 'seconds': 47}",2,88,88,"{'minutes': 13, 'seconds': 27}","{'minutes': 1, 'seconds': 27}",3,-9,PUNT,False,10,0,10,0
40175693512,401756935,West Virginia,Big 12,TCU,Big 12,9,True,2,65,35,"{'minutes': 13, 'seconds': 16}",2,97,3,"{'minutes': 11, 'seconds': 50}","{'minutes': 1, 'seconds': 37}",4,35,TD,True,0,10,7,10
40175693514,401756935,TCU,Big 12,West Virginia,Big 12,10,True,2,70,70,"{'minutes': 11, 'seconds': 50}",2,3,3,"{'minutes': 6, 'seconds': 12}","{'minutes': 5, 'seconds': 38}",11,70,TD,False,10,7,17,7
40175693516,401756935,West Virginia,Big 12,TCU,Big 12,11,False,2,18,82,"{'minutes': 6, 'seconds': 5}",2,58,42,"{'minutes': 2, 'seconds': 57}","{'minutes': 3, 'seconds': 8}",9,40,DOWNS,True,7,17,7,17
40175693517,401756935,TCU,Big 12,West Virginia,Big 12,12,True,2,58,58,"{'minutes': 2, 'seconds': 46}",2,5,5,"{'minutes': 0, 'seconds': 59}","{'minutes': 1, 'seconds': 58}",7,53,FG,False,17,7,20,7
40175693519,401756935,West Virginia,Big 12,TCU,Big 12,13,False,2,25,75,"{'minutes': 0, 'seconds': 59}",2,34,66,"{'minutes': 0, 'seconds': 37}","{'minutes': 0, 'seconds': 59}",4,9,DOWNS,True,7,20,7,20
40175693521,401756935,TCU,Big 12,West Virginia,Big 12,14,False,3,82,82,"{'minutes': 14, 'seconds': 53}",3,40,40,"{'minutes': 12, 'seconds': 4}","{'minutes': 3, 'seconds': 0}",7,42,PUNT,False,20,7,20,7
40175693522,401756935,West Virginia,Big 12,TCU,Big 12,15,False,3,20,80,"{'minutes': 11, 'seconds': 42}",3,58,42,"{'minutes': 8, 'seconds': 13}","{'minutes': 3, 'seconds': 48}",9,38,PUNT,True,7,20,7,20
40175693523,401756935,TCU,Big 12,West Virginia,Big 12,16,False,3,80,80,"{'minutes': 7, 'seconds': 58}",3,30,30,"{'minutes': 5, 'seconds': 5}","{'minutes': 3, 'seconds': 0}",8,50,DOWNS,False,20,7,20,7
40175693524,401756935,West Virginia,Big 12,TCU,Big 12,17,True,3,30,70,"{'minutes': 4, 'seconds': 55}",3,90,10,"{'minutes': 1, 'seconds': 20}","{'minutes': 3, 'seconds': 45}",10,60,FG,True,7,20,10,20
40175693526,401756935,TCU,Big 12,West Virginia,Big 12,18,False,3,75,75,"{'minutes': 1, 'seconds': 20}",4,63,63,"{'minutes': 14, 'seconds': 11}","{'minutes': 2, 'seconds': 9}",5,12,PUNT,False,20,10,20,10
40175693527,401756935,West Virginia,Big 12,TCU,Big 12,19,False,4,14,86,"{'minutes': 14, 'seconds': 2}",4,62,38,"{'minutes': 11, 'seconds': 38}","{'minutes': 2, 'seconds': 33}",8,48,DOWNS,True,10,20,10,20
40175693528,401756935,TCU,Big 12,West Virginia,Big 12,20,True,4,62,62,"{'minutes': 11, 'seconds': 30}",4,24,24,"{'minutes': 4, 'seconds': 48}","{'minutes': 6, 'seconds': 50}",13,38,FG,False,20,10,23,10
40175693530,401756935,West Virginia,Big 12,TCU,Big 12,21,True,4,25,75,"{'minutes': 4, 'seconds': 48}",4,97,3,"{'minutes': 3, 'seconds': 15}","{'minutes': 1, 'seconds': 33}",7,75,TD,True,10,23,17,23
40175693532,401756935,TCU,Big 12,West Virginia,Big 12,22,False,4,44,44,"{'minutes': 3, 'seconds': 14}",4,30,30,"{'minutes': 0, 'seconds': 36}","{'minutes': 3, 'seconds': 14}",6,14,END OF GAME,False,23,17,23,17
4017569382,401756938,West Virginia,Big 12,Houston,Big 12,1,True,1,75,75,"{'minutes': 15, 'seconds': 0}",1,3,3,"{'minutes': 10, 'seconds': 31}","{'minutes': 4, 'seconds': 29}",12,75,TD,False,0,0,7,0
4017569384,401756938,Houston,Big 12,West Virginia,Big 12,2,False,1,25,75,"{'minutes': 10, 'seconds': 31}",1,50,50,"{'minutes': 8, 'seconds': 18}","{'minutes': 2, 'seconds': 13}",6,25,PUNT,True,0,7,0,7
4017569385,401756938,West Virginia,Big 12,Houston,Big 12,3,True,1,89,89,"{'minutes': 8, 'seconds': 14}",1,3,3,"{'minutes': 4, 'seconds': 3}","{'minutes': 4, 'seconds': 15}",10,89,TD,False,7,0,14,0
4017569387,401756938,Houston,Big 12,West Virginia,Big 12,4,True,1,25,75,"{'minutes': 4, 'seconds': 3}",1,97,3,"{'minutes': 0, 'seconds': 58}","{'minutes': 3, 'seconds': 5}",7,75,TD,True,0,14,7,14
4017569389,401756938,West Virginia,Big 12,Houston,Big 12,5,False,1,75,75,"{'minutes': 0, 'seconds': 58}",2,76,76,"{'minutes': 14, 'seconds': 48}","{'minutes': 1, 'seconds': 10}",3,-1,PUNT,False,14,7,14,7
40175693810,401756938,Houston,Big 12,West Virginia,Big 12,6,False,2,38,62,"{'minutes': 14, 'seconds': 42}",2,27,73,"{'minutes': 13, 'seconds': 29}","{'minutes': 1, 'seconds': 19}",3,-11,FUMBLE,True,7,14,7,14
40175693811,401756938,West Virginia,Big 12,Houston,Big 12,7,True,2,27,27,"{'minutes': 13, 'seconds': 22}",2,3,3,"{'minutes': 12, 'seconds': 54}","{'minutes': 0, 'seconds': 35}",2,27,TD,False,14,7,21,7
40175693813,401756938,Houston,Big 12,West Virginia,Big 12,8,True,2,25,75,"{'minutes': 12, 'seconds': 54}",2,97,3,"{'minutes': 8, 'seconds': 49}","{'minutes': 4, 'seconds': 5}",8,75,TD,True,7,21,14,21
40175693815,401756938,West Virginia,Big 12,Houston,Big 12,9,False,2,75,75,"{'minutes': 8, 'seconds': 49}",2,81,81,"{'minutes': 7, 'seconds': 34}","{'minutes': 1, 'seconds': 15}",3,3,PUNT,False,21,14,21,14
40175693816,401756938,Houston,Big 12,West Virginia,Big 12,10,False,2,48,52,"{'minutes': 7, 'seconds': 25}",2,52,48,"{'minutes': 5, 'seconds': 52}","{'minutes': 1, 'seconds': 42}",3,4,PUNT,True,14,21,14,21
40175693817,401756938,West Virginia,Big 12,Houston,Big 12,11,False,2,99,99,"{'minutes': 5, 'seconds': 41}",2,99,99,"{'minutes': 5, 'seconds': 4}","{'minutes': 0, 'seconds': 48}",3,0,PUNT,False,21,14,21,14
40175693818,401756938,Houston,Big 12,West Virginia,Big 12,12,True,2,53,47,"{'minutes': 4, 'seconds': 53}",2,97,3,"{'minutes': 3, 'seconds': 3}","{'minutes': 2, 'seconds': 1}",5,47,TD,True,14,21,21,21
40175693820,401756938,West Virginia,Big 12,Houston,Big 12,13,False,2,65,65,"{'minutes': 3, 'seconds': 3}",2,52,52,"{'minutes': 0, 'seconds': 58}","{'minutes': 2, 'seconds': 5}",7,13,PUNT,False,21,21,21,21
40175693821,401756938,Houston,Big 12,West Virginia,Big 12,14,False,2,20,80,"{'minutes': 0, 'seconds': 50}",2,23,77,"{'minutes': 0, 'seconds': 11}","{'minutes': 0, 'seconds': 58}",2,3,END OF HALF,True,21,21,21,21
40175693823,401756938,Houston,Big 12,West Virginia,Big 12,15,False,3,28,72,"{'minutes': 14, 'seconds': 55}",3,47,53,"{'minutes': 14, 'seconds': 13}","{'minutes': 0, 'seconds': 42}",2,10,INT,True,21,21,21,21
40175693824,401756938,West Virginia,Big 12,Houston,Big 12,16,True,3,47,47,"{'minutes': 14, 'seconds': 5}",3,32,32,"{'minutes': 12, 'seconds': 14}","{'minutes': 1, 'seconds': 59}",6,15,FG,False,21,21,24,21
40175693826,401756938,Houston,Big 12,West Virginia,Big 12,17,False,3,25,75,"{'minutes': 12, 'seconds': 14}",3,55,45,"{'minutes': 9, 'seconds': 49}","{'minutes': 2, 'seconds': 25}",5,30,PUNT,True,21,24,21,24
40175693827,401756938,West Virginia,Big 12,Houston,Big 12,18,False,3,80,80,"{'minutes': 9, 'seconds': 38}",3,76,76,"{'minutes': 9, 'seconds': 8}","{'minutes': 0, 'seconds': 41}",3,4,PUNT,False,24,21,24,21
40175693828,401756938,Houston,Big 12,West Virginia,Big 12,19,True,3,45,55,"{'minutes': 9, 'seconds': 2}",3,3,97,"{'minutes': 6, 'seconds': 33}","{'minutes': 2, 'seconds': 35}",5,33,INT TD,True,21,24,21,31
40175693830,401756938,Houston,Big 12,West Virginia,Big 12,20,True,3,25,75,"{'minutes': 6, 'seconds': 33}",3,87,13,"{'minutes': 1, 'seconds': 16}","{'minutes': 5, 'seconds': 17}",12,75,TD,True,21,31,28,31
40175693832,401756938,West Virginia,Big 12,Houston,Big 12,21,True,3,73,73,"{'minutes': 1, 'seconds': 11}",4,3,3,"{'minutes': 12, 'seconds': 54}","{'minutes': 3, 'seconds': 17}",8,73,TD,False,31,28,38,28
40175693834,401756938,Houston,Big 12,West Virginia,Big 12,22,False,4,25,75,"{'minutes': 12, 'seconds': 54}",4,31,69,"{'minutes': 10, 'seconds': 41}","{'minutes': 2, 'seconds': 13}",5,6,PUNT,True,28,38,28,38
40175693835,401756938,West Virginia,Big 12,Houston,Big 12,23,True,4,71,71,"{'minutes': 10, 'seconds': 31}",4,3,3,"{'minutes': 7, 'seconds': 15}","{'minutes': 3, 'seconds': 26}",7,71,TD,False,38,28,45,28
40175693837,401756938,Houston,Big 12,West Virginia,Big 12,24,True,4,32,68,"{'minutes': 7, 'seconds': 9}",4,97,3,"{'minutes': 6, 'seconds': 24}","{'minutes': 0, 'seconds': 45}",4,68,TD,True,28,45,35,45
40175693839,401756938,West Virginia,Big 12,Houston,Big 12,25,False,4,75,75,"{'minutes': 6, 'seconds': 24}",4,61,61,"{'minutes': 4, 'seconds': 31}","{'minutes': 1, 'seconds': 53}",5,14,PUNT,False,45,35,45,35
40175693840,401756938,West Virginia,Big 12,Houston,Big 12,26,False,4,27,27,"{'minutes': 4, 'seconds': 26}",4,23,23,"{'minutes': 0, 'seconds': 35}","{'minutes': 4, 'seconds': 31}",7,4,END OF GAME,False,45,35,45,35
4017569472,401756947,Colorado,Big 12,West Virginia,Big 12,1,False,1,78,78,"{'minutes': 14, 'seconds': 56}",1,76,76,"{'minutes': 13, 'seconds': 54}","{'minutes': 1, 'seconds': 2}",3,2,PUNT,False,0,0,0,0
4017569473,401756947,West Virginia,Big 12,Colorado,Big 12,2,False,1,41,59,"{'minutes': 13, 'seconds': 47}",1,36,64,"{'minutes': 12, 'seconds': 3}","{'minutes': 1, 'seconds': 51}",5,-5,PUNT,True,0,0,0,0
4017569474,401756947,Colorado,Big 12,West Virginia,Big 12,3,False,1,78,78,"{'minutes': 11, 'seconds': 55}",1,71,71,"{'minutes': 9, 'seconds': 25}","{'minutes': 2, 'seconds': 38}",5,7,PUNT,False,0,0,0,0
4017569475,401756947,West Virginia,Big 12,Colorado,Big 12,4,False,1,29,71,"{'minutes': 9, 'seconds': 19}",1,36,64,"{'minutes': 8, 'seconds': 15}","{'minutes': 1, 'seconds': 10}",3,7,PUNT,True,0,0,0,0
4017569476,401756947,Colorado,Big 12,West Virginia,Big 12,5,False,1,71,71,"{'minutes': 8, 'seconds': 8}",1,62,62,"{'minutes': 7, 'seconds': 9}","{'minutes': 1, 'seconds': 6}",4,9,DOWNS,False,0,0,0,0
4017569477,401756947,West Virginia,Big 12,Colorado,Big 12,6,False,1,62,38,"{'minutes': 7, 'seconds': 2}",1,81,19,"{'minutes': 5, 'seconds': 56}","{'minutes': 1, 'seconds': 13}",5,19,FUMBLE,True,0,0,0,0
4017569478,401756947,Colorado,Big 12,West Virginia,Big 12,7,True,1,81,81,"{'minutes': 5, 'seconds': 46}",1,87,87,"{'minutes': 4, 'seconds': 35}","{'minutes': 1, 'seconds': 21}",3,-6,SF,False,0,0,0,2
40175694710,401756947,West Virginia,Big 12,Colorado,Big 12,8,True,1,25,75,"{'minutes': 4, 'seconds': 29}",1,97,3,"{'minutes': 0, 'seconds': 19}","{'minutes': 4, 'seconds': 10}",12,75,TD,True,2,0,9,0
40175694712,401756947,Colorado,Big 12,West Virginia,Big 12,9,False,1,75,75,"{'minutes': 0, 'seconds': 19}",2,53,53,"{'minutes': 12, 'seconds': 17}","{'minutes': 3, 'seconds': 2}",6,22,PUNT,False,0,9,0,9
40175694713,401756947,West Virginia,Big 12,Colorado,Big 12,10,False,2,20,80,"{'minutes': 12, 'seconds': 8}",2,22,78,"{'minutes': 11, 'seconds': 5}","{'minutes': 1, 'seconds': 12}",3,2,PUNT,True,9,0,9,0
40175694714,401756947,Colorado,Big 12,West Virginia,Big 12,11,True,2,75,75,"{'minutes': 10, 'seconds': 52}",2,5,5,"{'minutes': 6, 'seconds': 2}","{'minutes': 5, 'seconds': 3}",13,70,FG,False,0,9,3,9
40175694716,401756947,West Virginia,Big 12,Colorado,Big 12,12,True,2,25,75,"{'minutes': 6, 'seconds': 2}",2,97,3,"{'minutes': 3, 'seconds': 29}","{'minutes': 2, 'seconds': 33}",6,75,TD,True,9,3,16,3
40175694718,401756947,Colorado,Big 12,West Virginia,Big 12,13,True,2,77,77,"{'minutes': 3, 'seconds': 21}",2,3,3,"{'minutes': 0, 'seconds': 45}","{'minutes': 2, 'seconds': 36}",6,77,TD,False,3,16,9,16
40175694720,401756947,West Virginia,Big 12,Colorado,Big 12,14,True,2,25,75,"{'minutes': 0, 'seconds': 45}",2,69,31,"{'minutes': 0, 'seconds': 3}","{'minutes': 0, 'seconds': 45}",6,44,FG,True,16,9,19,9
40175694722,401756947,West Virginia,Big 12,Colorado,Big 12,15,False,3,25,75,"{'minutes': 15, 'seconds': 0}",3,28,72,"{'minutes': 14, 'seconds': 18}","{'minutes': 0, 'seconds': 42}",3,3,PUNT,True,19,9,19,9
40175694723,401756947,Colorado,Big 12,West Virginia,Big 12,16,False,3,68,68,"{'minutes': 14, 'seconds': 10}",3,43,43,"{'minutes': 11, 'seconds': 33}","{'minutes': 2, 'seconds': 45}",6,26,FUMBLE,False,9,19,9,19
40175694724,401756947,West Virginia,Big 12,Colorado,Big 12,17,False,3,42,58,"{'minutes': 11, 'seconds': 26}",3,67,33,"{'minutes': 9, 'seconds': 27}","{'minutes': 2, 'seconds': 15}",6,16,INT,True,19,9,19,9
40175694725,401756947,Colorado,Big 12,West Virginia,Big 12,18,False,3,67,67,"{'minutes': 9, 'seconds': 13}",3,65,65,"{'minutes': 8, 'seconds': 14}","{'minutes': 1, 'seconds': 4}",3,2,PUNT,False,9,19,9,19
40175694726,401756947,West Virginia,Big 12,Colorado,Big 12,19,False,3,22,78,"{'minutes': 8, 'seconds': 6}",3,20,80,"{'minutes': 8, 'seconds': 6}","{'minutes': 0, 'seconds': 8}",1,0,INT,True,19,9,19,9
40175694727,401756947,Colorado,Big 12,West Virginia,Big 12,20,True,3,20,20,"{'minutes': 7, 'seconds': 58}",3,3,3,"{'minutes': 7, 'seconds': 19}","{'minutes': 0, 'seconds': 47}",2,20,TD,False,9,19,16,19
40175694729,401756947,West Virginia,Big 12,Colorado,Big 12,21,True,3,25,75,"{'minutes': 7, 'seconds': 19}",3,81,19,"{'minutes': 1, 'seconds': 47}","{'minutes': 5, 'seconds': 32}",15,56,FG,True,19,16,22,16
40175694731,401756947,Colorado,Big 12,West Virginia,Big 12,22,True,3,70,70,"{'minutes': 1, 'seconds': 40}",4,17,17,"{'minutes': 14, 'seconds': 51}","{'minutes': 1, 'seconds': 49}",6,53,FG,False,16,22,19,22
40175694733,401756947,West Virginia,Big 12,Colorado,Big 12,23,False,4,25,75,"{'minutes': 14, 'seconds': 51}",4,46,54,"{'minutes': 12, 'seconds': 41}","{'minutes': 2, 'seconds': 10}",5,21,PUNT,True,22,19,22,19
40175694734,401756947,Colorado,Big 12,West Virginia,Big 12,24,False,4,88,88,"{'minutes': 12, 'seconds': 33}",4,91,91,"{'minutes': 9, 'seconds': 48}","{'minutes': 2, 'seconds': 53}",6,-3,PUNT,False,19,22,19,22
40175694735,401756947,West Virginia,Big 12,Colorado,Big 12,25,True,4,43,57,"{'minutes': 9, 'seconds': 39}",4,97,3,"{'minutes': 4, 'seconds': 15}","{'minutes': 5, 'seconds': 33}",10,57,TD,True,22,19,29,19
40175694737,401756947,Colorado,Big 12,West Virginia,Big 12,26,True,4,75,75,"{'minutes': 4, 'seconds': 13}",4,20,20,"{'minutes': 1, 'seconds': 16}","{'minutes': 2, 'seconds': 57}",14,55,FG,False,19,29,22,29
40175694739,401756947,West Virginia,Big 12,Colorado,Big 12,27,False,4,56,44,"{'minutes': 1, 'seconds': 15}",4,68,32,"{'minutes': 0, 'seconds': 26}","{'minutes': 1, 'seconds': 15}",4,12,END OF GAME,True,29,22,29,22
4017569482,401756948,Arizona State,Big 12,West Virginia,Big 12,1,False,1,25,75,"{'minutes': 14, 'seconds': 57}",1,34,66,"{'minutes': 13, 'seconds': 6}","{'minutes': 1, 'seconds': 51}",3,9,PUNT,True,0,0,0,0
4017569483,401756948,West Virginia,Big 12,Arizona State,Big 12,2,True,1,68,68,"{'minutes': 13, 'seconds': 1}",1,11,11,"{'minutes': 8, 'seconds': 41}","{'minutes': 4, 'seconds': 25}",11,57,FG,False,0,0,3,0
4017569485,401756948,Arizona State,Big 12,West Virginia,Big 12,3,False,1,25,75,"{'minutes': 8, 'seconds': 41}",1,33,67,"{'minutes': 7, 'seconds': 19}","{'minutes': 1, 'seconds': 22}",3,8,PUNT,True,0,3,0,3
4017569486,401756948,West Virginia,Big 12,Arizona State,Big 12,4,False,1,63,63,"{'minutes': 6, 'seconds': 37}",1,6,6,"{'minutes': 1, 'seconds': 26}","{'minutes': 5, 'seconds': 53}",13,57,DOWNS,False,3,0,3,0
4017569487,401756948,Arizona State,Big 12,West Virginia,Big 12,5,True,1,6,94,"{'minutes': 1, 'seconds': 17}",2,97,3,"{'minutes': 11, 'seconds': 17}","{'minutes': 5, 'seconds': 9}",10,94,TD,True,0,3,7,3
4017569489,401756948,West Virginia,Big 12,Arizona State,Big 12,6,False,2,75,75,"{'minutes': 10, 'seconds': 51}",2,86,86,"{'minutes': 9, 'seconds': 52}","{'minutes': 0, 'seconds': 59}",3,-11,PUNT,False,3,7,3,7
40175694810,401756948,Arizona State,Big 12,West Virginia,Big 12,7,True,2,60,40,"{'minutes': 9, 'seconds': 46}",2,97,3,"{'minutes': 8, 'seconds': 4}","{'minutes': 1, 'seconds': 48}",4,40,TD,True,7,3,15,3
40175694812,401756948,West Virginia,Big 12,Arizona State,Big 12,8,True,2,75,75,"{'minutes': 8, 'seconds': 4}",2,1,1,"{'minutes': 7, 'seconds': 53}","{'minutes': 0, 'seconds': 11}",1,74,TD,False,3,15,10,15
40175694814,401756948,Arizona State,Big 12,West Virginia,Big 12,9,False,2,25,75,"{'minutes': 7, 'seconds': 53}",2,44,56,"{'minutes': 5, 'seconds': 55}","{'minutes': 1, 'seconds': 58}",5,19,PUNT,True,15,10,15,10
40175694815,401756948,West Virginia,Big 12,Arizona State,Big 12,10,False,2,80,80,"{'minutes': 5, 'seconds': 48}",2,69,69,"{'minutes': 4, 'seconds': 30}","{'minutes': 1, 'seconds': 25}",4,11,PUNT,False,10,15,10,15
40175694816,401756948,Arizona State,Big 12,West Virginia,Big 12,11,True,2,31,69,"{'minutes': 4, 'seconds': 25}",2,97,3,"{'minutes': 1, 'seconds': 41}","{'minutes': 2, 'seconds': 49}",8,69,TD,True,15,10,22,10
40175694818,401756948,West Virginia,Big 12,Arizona State,Big 12,12,False,2,75,75,"{'minutes': 1, 'seconds': 41}",2,68,68,"{'minutes': 1, 'seconds': 5}","{'minutes': 0, 'seconds': 36}",4,7,PUNT,False,10,22,10,22
40175694819,401756948,Arizona State,Big 12,West Virginia,Big 12,13,False,2,35,65,"{'minutes': 1, 'seconds': 5}",2,38,62,"{'minutes': 0, 'seconds': 39}","{'minutes': 0, 'seconds': 26}",3,3,PUNT,True,22,10,22,10
40175694820,401756948,West Virginia,Big 12,Arizona State,Big 12,14,False,2,78,78,"{'minutes': 0, 'seconds': 39}",2,78,78,"{'minutes': 0, 'seconds': 39}","{'minutes': 0, 'seconds': 39}",1,0,END OF HALF,False,10,22,10,22
40175694822,401756948,West Virginia,Big 12,Arizona State,Big 12,15,False,3,75,75,"{'minutes': 15, 'seconds': 0}",3,1,1,"{'minutes': 9, 'seconds': 11}","{'minutes': 5, 'seconds': 49}",13,74,DOWNS,False,10,22,10,22
40175694823,401756948,Arizona State,Big 12,West Virginia,Big 12,16,False,3,1,99,"{'minutes': 9, 'seconds': 3}",3,63,37,"{'minutes': 4, 'seconds': 41}","{'minutes': 4, 'seconds': 30}",9,62,FUMBLE,True,22,10,22,10
40175694824,401756948,West Virginia,Big 12,Arizona State,Big 12,17,False,3,63,63,"{'minutes': 4, 'seconds': 32}",3,62,62,"{'minutes': 3, 'seconds': 47}","{'minutes': 0, 'seconds': 54}",3,1,PUNT,False,10,22,10,22
40175694825,401756948,Arizona State,Big 12,West Virginia,Big 12,18,False,3,40,60,"{'minutes': 3, 'seconds': 35}",4,72,28,"{'minutes': 14, 'seconds': 7}","{'minutes': 4, 'seconds': 40}",9,32,MISSED FG,True,22,10,22,10
40175694826,401756948,West Virginia,Big 12,Arizona State,Big 12,19,True,4,72,72,"{'minutes': 14, 'seconds': 7}",4,3,3,"{'minutes': 10, 'seconds': 41}","{'minutes': 3, 'seconds': 26}",10,72,TD,False,10,22,17,22
40175694828,401756948,Arizona State,Big 12,West Virginia,Big 12,20,False,4,25,75,"{'minutes': 10, 'seconds': 41}",4,36,64,"{'minutes': 8, 'seconds': 6}","{'minutes': 2, 'seconds': 35}",4,11,PUNT,True,22,17,22,17
40175694829,401756948,West Virginia,Big 12,Arizona State,Big 12,21,True,4,73,73,"{'minutes': 8, 'seconds': 6}",4,90,90,"{'minutes': 6, 'seconds': 37}","{'minutes': 1, 'seconds': 29}",3,-17,TD,False,17,22,23,22
40175694831,401756948,Arizona State,Big 12,West Virginia,Big 12,22,True,4,29,71,"{'minutes': 6, 'seconds': 31}",4,69,31,"{'minutes': 2, 'seconds': 44}","{'minutes': 3, 'seconds': 47}",8,40,FG,True,22,23,25,23
40175694833,401756948,West Virginia,Big 12,Arizona State,Big 12,23,False,4,75,75,"{'minutes': 2, 'seconds': 44}",4,51,51,"{'minutes': 1, 'seconds': 30}","{'minutes': 1, 'seconds': 14}",6,19,INT,False,23,25,23,25
40175694834,401756948,Arizona State,Big 12,West Virginia,Big 12,24,False,4,51,49,"{'minutes': 1, 'seconds': 15}",4,34,66,"{'minutes': 0, 'seconds': 22}","{'minutes': 1, 'seconds': 30}",3,-17,END OF GAME,True,25,23,25,23
4017569682,401756968,West Virginia,Big 12,Texas Tech,Big 12,1,False,1,25,75,"{'minutes': 15, 'seconds': 0}",1,16,84,"{'minutes': 13, 'seconds': 44}","{'minutes': 1, 'seconds': 16}",3,-9,PUNT,True,0,0,0,0
4017569683,401756968,Texas Tech,Big 12,West Virginia,Big 12,2,True,1,57,57,"{'minutes': 13, 'seconds': 44}",1,0,0,"{'minutes': 11, 'seconds': 17}","{'minutes': 2, 'seconds': 27}",8,57,TD,False,0,0,7,0
4017569685,401756968,West Virginia,Big 12,Texas Tech,Big 12,3,False,1,25,75,"{'minutes': 11, 'seconds': 17}",1,30,70,"{'minutes': 9, 'seconds': 26}","{'minutes': 1, 'seconds': 51}",3,5,PUNT,True,0,7,0,7
4017569686,401756968,Texas Tech,Big 12,West Virginia,Big 12,4,True,1,83,83,"{'minutes': 9, 'seconds': 26}",1,0,0,"{'minutes': 3, 'seconds': 3}","{'minutes': 6, 'seconds': 23}",16,83,TD,False,7,0,14,0
4017569688,401756968,West Virginia,Big 12,Texas Tech,Big 12,5,False,1,25,75,"{'minutes': 3, 'seconds': 3}",1,33,67,"{'minutes': 1, 'seconds': 51}","{'minutes': 1, 'seconds': 12}",5,8,DOWNS,True,0,14,0,14
4017569689,401756968,Texas Tech,Big 12,West Virginia,Big 12,6,True,1,33,33,"{'minutes': 1, 'seconds': 51}",1,0,0,"{'minutes': 0, 'seconds': 13}","{'minutes': 1, 'seconds': 38}",4,33,TD,False,14,0,21,0
40175696811,401756968,West Virginia,Big 12,Texas Tech,Big 12,7,False,1,25,75,"{'minutes': 0, 'seconds': 13}",2,28,72,"{'minutes': 14, 'seconds': 10}","{'minutes': 1, 'seconds': 3}",3,3,PUNT,True,0,21,0,21
40175696812,401756968,Texas Tech,Big 12,West Virginia,Big 12,8,False,2,71,71,"{'minutes': 14, 'seconds': 10}",2,49,49,"{'minutes': 12, 'seconds': 25}","{'minutes': 1, 'seconds': 45}",5,22,PUNT,False,21,0,21,0
40175696813,401756968,West Virginia,Big 12,Texas Tech,Big 12,9,False,2,11,89,"{'minutes': 12, 'seconds': 25}",2,15,85,"{'minutes': 11, 'seconds': 31}","{'minutes': 0, 'seconds': 54}",3,4,PUNT,True,0,21,0,21
40175696814,401756968,Texas Tech,Big 12,West Virginia,Big 12,10,True,2,73,73,"{'minutes': 11, 'seconds': 31}",2,0,0,"{'minutes': 6, 'seconds': 49}","{'minutes': 4, 'seconds': 42}",11,73,TD,False,21,0,28,0
40175696816,401756968,West Virginia,Big 12,Texas Tech,Big 12,11,False,2,25,75,"{'minutes': 6, 'seconds': 49}",2,66,34,"{'minutes': 4, 'seconds': 46}","{'minutes': 2, 'seconds': 3}",7,41,DOWNS,True,0,28,0,28
40175696817,401756968,Texas Tech,Big 12,West Virginia,Big 12,12,False,2,66,66,"{'minutes': 4, 'seconds': 46}",2,1,1,"{'minutes': 1, 'seconds': 49}","{'minutes': 2, 'seconds': 57}",7,65,INT,False,28,0,28,0
40175696818,401756968,West Virginia,Big 12,Texas Tech,Big 12,13,False,2,20,80,"{'minutes': 1, 'seconds': 49}",2,87,13,"{'minutes': 0, 'seconds': 40}","{'minutes': 1, 'seconds': 9}",6,67,INT,True,0,28,0,28
40175696819,401756968,Texas Tech,Big 12,West Virginia,Big 12,14,False,2,89,89,"{'minutes': 0, 'seconds': 40}",2,65,65,"{'minutes': 0, 'seconds': 0}","{'minutes': 0, 'seconds': 40}",6,24,END OF HALF,False,28,0,28,0
40175696821,401756968,Texas Tech,Big 12,West Virginia,Big 12,15,True,3,74,74,"{'minutes': 15, 'seconds': 0}",3,0,0,"{'minutes': 12, 'seconds': 52}","{'minutes': 2, 'seconds': 3}",5,74,TD,False,28,0,35,0
40175696823,401756968,West Virginia,Big 12,Texas Tech,Big 12,16,False,3,25,75,"{'minutes': 12, 'seconds': 52}",3,40,60,"{'minutes': 10, 'seconds': 7}","{'minutes': 2, 'seconds': 45}",6,15,PUNT,True,0,35,0,35
40175696824,401756968,Texas Tech,Big 12,West Virginia,Big 12,17,False,3,72,72,"{'minutes': 10, 'seconds': 7}",3,46,46,"{'minutes': 8, 'seconds': 24}","{'minutes': 1, 'seconds': 43}",5,26,FUMBLE,False,35,0,35,0
40175696825,401756968,West Virginia,Big 12,Texas Tech,Big 12,18,False,3,51,49,"{'minutes': 8, 'seconds': 24}",3,52,48,"{'minutes': 5, 'seconds': 43}","{'minutes': 2, 'seconds': 41}",6,1,INT,True,0,35,0,35
40175696826,401756968,Texas Tech,Big 12,West Virginia,Big 12,19,True,3,18,18,"{'minutes': 5, 'seconds': 43}",3,0,0,"{'minutes': 4, 'seconds': 20}","{'minutes': 1, 'seconds': 23}",3,18,TD,False,35,0,42,0
40175696828,401756968,West Virginia,Big 12,Texas Tech,Big 12,20,False,3,25,75,"{'minutes': 4, 'seconds': 20}",3,23,77,"{'minutes': 2, 'seconds': 54}","{'minutes': 1, 'seconds': 26}",3,-2,PUNT,True,0,42,0,42
40175696829,401756968,Texas Tech,Big 12,West Virginia,Big 12,21,True,3,74,74,"{'minutes': 2, 'seconds': 54}",4,0,0,"{'minutes': 13, 'seconds': 33}","{'minutes': 4, 'seconds': 21}",9,74,TD,False,42,0,49,0
40175696831,401756968,West Virginia,Big 12,Texas Tech,Big 12,22,False,4,25,75,"{'minutes': 13, 'seconds': 33}",4,35,65,"{'minutes': 11, 'seconds': 41}","{'minutes': 1, 'seconds': 52}",5,10,PUNT,True,0,49,0,49
40175696832,401756968,Texas Tech,Big 12,West Virginia,Big 12,23,False,4,75,75,"{'minutes': 11, 'seconds': 41}",4,62,62,"{'minutes': 7, 'seconds': 50}","{'minutes': 3, 'seconds': 51}",6,13,PUNT,False,49,0,49,0
40175696833,401756968,West Virginia,Big 12,Texas Tech,Big 12,24,False,4,18,82,"{'minutes': 7, 'seconds': 50}",4,45,55,"{'minutes': 6, 'seconds': 2}","{'minutes': 1, 'seconds': 48}",4,27,PUNT,True,0,49,0,49
40175696834,401756968,Texas Tech,Big 12,West Virginia,Big 12,25,False,4,80,80,"{'minutes': 6, 'seconds': 2}",4,54,54,"{'minutes': 0, 'seconds': 0}","{'minutes': 6, 'seconds': 2}",9,26,END OF GAME,False,49,0,49,0
